2026-03-14 20:23:35,656 INFO [d86b142c2864_Love_Never_Leaves_EPRINT-Octavo]                 Book.java:560  | 16 sheets in C:\Users\llama\OneDrive\Documents\orchestra\uploads\d86b142c2864_Love_Never_Leaves_EPRINT-Octavo.pdf
2026-03-14 20:23:35,738 INFO []                 Book.java:2565 | Stored /book.xml
2026-03-14 20:23:35,739 INFO []                 Book.java:2525 | Book stored as C:\Users\llama\OneDrive\Documents\orchestra\outputs\ffd56ae2080d\omr_out\d86b142c2864_Love_Never_Leaves_EPRINT-Octavo.omr
2026-03-14 20:23:35,742 INFO []                 Book.java:1929 | Book reaching PAGE on sheets:[#1#2#3#4#5#6#7#8#9#10#11#12#13#14#15#16]
2026-03-14 20:23:35,743 INFO [d86b142c2864_Love_Never_Leaves_EPRINT-Octavo#1]       StepMonitoring.java:98   | LOAD
2026-03-14 20:23:36,395 INFO [d86b142c2864_Love_Never_Leaves_EPRINT-Octavo#1]            SheetStub.java:1278 | Loaded image #1 2550x3299 from C:\Users\llama\OneDrive\Documents\orchestra\uploads\d86b142c2864_Love_Never_Leaves_EPRINT-Octavo.pdf
2026-03-14 20:23:36,396 INFO [d86b142c2864_Love_Never_Leaves_EPRINT-Octavo#1]       StepMonitoring.java:98   | BINARY
2026-03-14 20:23:36,626 INFO [d86b142c2864_Love_Never_Leaves_EPRINT-Octavo#1]       StepMonitoring.java:98   | SCALE
2026-03-14 20:23:36,637 INFO [d86b142c2864_Love_Never_Leaves_EPRINT-Octavo#1]         ScaleBuilder.java:241  | Beam  guessed height:  8 -- 0.50 of 17 interline
2026-03-14 20:23:36,637 INFO [d86b142c2864_Love_Never_Leaves_EPRINT-Octavo#1]         ScaleBuilder.java:264  | Beam measured height:  9 -- 0.33 of [5..17] range at 158% of needed quorum
2026-03-14 20:23:36,637 INFO [d86b142c2864_Love_Never_Leaves_EPRINT-Octavo#1]         ScaleBuilder.java:392  | Normalized black jitter: 11.11 %
2026-03-14 20:23:36,638 INFO [d86b142c2864_Love_Never_Leaves_EPRINT-Octavo#1]            ScaleStep.java:65   | Scale{ interline(17,18,18) line(2,2,4) beam(9)}
2026-03-14 20:23:36,638 INFO [d86b142c2864_Love_Never_Leaves_EPRINT-Octavo#1]       StepMonitoring.java:98   | GRID
2026-03-14 20:23:36,837 INFO [d86b142c2864_Love_Never_Leaves_EPRINT-Octavo#1]       LinesRetriever.java:1500 | Global slope: 0.00000
2026-03-14 20:23:36,859 INFO [d86b142c2864_Love_Never_Leaves_EPRINT-Octavo#1]    ClustersRetriever.java:326  | Retrieved raw line clusters: 7 of sizes [5] with interline(17,18,18)
2026-03-14 20:23:36,977 INFO [d86b142c2864_Love_Never_Leaves_EPRINT-Octavo#1]            PeakGraph.java:310  | Systems: #1[1, 2] #2[3, 4] #3[5, 6, 7]
2026-03-14 20:23:37,257 INFO [d86b142c2864_Love_Never_Leaves_EPRINT-Octavo#1]        SystemManager.java:134  | Indentation detected for system #1
2026-03-14 20:23:37,258 INFO [d86b142c2864_Love_Never_Leaves_EPRINT-Octavo#1]        SystemManager.java:779  | 2 parts along 3 systems
2026-03-14 20:23:37,258 INFO [d86b142c2864_Love_Never_Leaves_EPRINT-Octavo#1]                 Book.java:543  | Created scores: [{Score 1}]
2026-03-14 20:23:37,258 INFO [d86b142c2864_Love_Never_Leaves_EPRINT-Octavo#1]       StepMonitoring.java:98   | HEADERS
2026-03-14 20:23:37,653 INFO [d86b142c2864_Love_Never_Leaves_EPRINT-Octavo#1]       StepMonitoring.java:98   | STEM_SEEDS
2026-03-14 20:23:37,694 INFO [d86b142c2864_Love_Never_Leaves_EPRINT-Octavo#1]        StemSeedsStep.java:86   | stem(2 max:5)
2026-03-14 20:23:37,740 INFO [d86b142c2864_Love_Never_Leaves_EPRINT-Octavo#1]       StepMonitoring.java:98   | BEAMS
2026-03-14 20:23:40,280 INFO [d86b142c2864_Love_Never_Leaves_EPRINT-Octavo#1]       StepMonitoring.java:98   | LEDGERS
2026-03-14 20:23:40,834 INFO [d86b142c2864_Love_Never_Leaves_EPRINT-Octavo#1]       StepMonitoring.java:98   | HEADS
2026-03-14 20:23:42,927 INFO [d86b142c2864_Love_Never_Leaves_EPRINT-Octavo#1]        HeadSeedTally.java:235  | Scale information: HeadSeeds{NOTEHEAD_VOID[L:0.3] NOTEHEAD_BLACK[R:0.5]}
2026-03-14 20:23:42,928 INFO [d86b142c2864_Love_Never_Leaves_EPRINT-Octavo#1]       StepMonitoring.java:98   | STEMS
2026-03-14 20:23:43,533 INFO [d86b142c2864_Love_Never_Leaves_EPRINT-Octavo#1]       StepMonitoring.java:98   | REDUCTION
2026-03-14 20:23:43,594 INFO [d86b142c2864_Love_Never_Leaves_EPRINT-Octavo#1]        ReductionStep.java:105  | Stems free length median value: 61 pixels, 3.4 interlines
2026-03-14 20:23:43,598 INFO [d86b142c2864_Love_Never_Leaves_EPRINT-Octavo#1]       StepMonitoring.java:98   | CUE_BEAMS
2026-03-14 20:23:43,598 INFO [d86b142c2864_Love_Never_Leaves_EPRINT-Octavo#1]         CueBeamsStep.java:81   | Step CUE_BEAMS is skipped because small heads switch is off
2026-03-14 20:23:43,599 INFO [d86b142c2864_Love_Never_Leaves_EPRINT-Octavo#1]       StepMonitoring.java:98   | TEXTS
2026-03-14 20:23:45,339 WARN [d86b142c2864_Love_Never_Leaves_EPRINT-Octavo#1]                 Book.java:2044 | Error processing stub
2026-03-14 20:23:45,341 INFO [d86b142c2864_Love_Never_Leaves_EPRINT-Octavo#1]                 Book.java:2584 | Book{d86b142c2864_Love_Never_Leaves_EPRINT-Octavo} storing
2026-03-14 20:23:45,404 INFO [d86b142c2864_Love_Never_Leaves_EPRINT-Octavo#1]                 Book.java:2565 | Stored /book.xml
2026-03-14 20:23:45,523 INFO [d86b142c2864_Love_Never_Leaves_EPRINT-Octavo#1]           DataHolder.java:348  | Stored /sheet#1/BINARY.png
2026-03-14 20:23:45,971 INFO [d86b142c2864_Love_Never_Leaves_EPRINT-Octavo#1]                Sheet.java:1583 | Stored /sheet#1/sheet#1.xml
2026-03-14 20:23:45,972 INFO [d86b142c2864_Love_Never_Leaves_EPRINT-Octavo#1]                 Book.java:2525 | Book stored as C:\Users\llama\OneDrive\Documents\orchestra\outputs\ffd56ae2080d\omr_out\d86b142c2864_Love_Never_Leaves_EPRINT-Octavo.omr
2026-03-14 20:23:45,978 INFO [d86b142c2864_Love_Never_Leaves_EPRINT-Octavo#1]            SheetStub.java:1654 | Sheet#1 disposed
2026-03-14 20:23:46,006 INFO [d86b142c2864_Love_Never_Leaves_EPRINT-Octavo#1]                 Book.java:2050 | End of Stub#1
2026-03-14 20:23:46,008 INFO [d86b142c2864_Love_Never_Leaves_EPRINT-Octavo#2]       StepMonitoring.java:98   | LOAD
2026-03-14 20:23:46,726 INFO [d86b142c2864_Love_Never_Leaves_EPRINT-Octavo#2]            SheetStub.java:1278 | Loaded image #2 2550x3299 from C:\Users\llama\OneDrive\Documents\orchestra\uploads\d86b142c2864_Love_Never_Leaves_EPRINT-Octavo.pdf
2026-03-14 20:23:46,727 INFO [d86b142c2864_Love_Never_Leaves_EPRINT-Octavo#2]       StepMonitoring.java:98   | BINARY
2026-03-14 20:23:47,133 INFO [d86b142c2864_Love_Never_Leaves_EPRINT-Octavo#2]       StepMonitoring.java:98   | SCALE
2026-03-14 20:23:47,139 INFO [d86b142c2864_Love_Never_Leaves_EPRINT-Octavo#2]         ScaleBuilder.java:241  | Beam  guessed height:  8 -- 0.50 of 16 interline
2026-03-14 20:23:47,140 INFO [d86b142c2864_Love_Never_Leaves_EPRINT-Octavo#2]         ScaleBuilder.java:264  | Beam measured height:  6 -- 0.09 of [5..16] range at 188% of needed quorum
2026-03-14 20:23:47,140 INFO [d86b142c2864_Love_Never_Leaves_EPRINT-Octavo#2]         ScaleBuilder.java:392  | Normalized black jitter: 11.76 %
2026-03-14 20:23:47,140 INFO [d86b142c2864_Love_Never_Leaves_EPRINT-Octavo#2]            ScaleStep.java:65   | Scale{ interline(17,17,18) line(2,2,4) beam(6)}
2026-03-14 20:23:47,140 INFO [d86b142c2864_Love_Never_Leaves_EPRINT-Octavo#2]       StepMonitoring.java:98   | GRID
2026-03-14 20:23:47,241 INFO [d86b142c2864_Love_Never_Leaves_EPRINT-Octavo#2]       LinesRetriever.java:1500 | Global slope: 0.00000
2026-03-14 20:23:47,251 INFO [d86b142c2864_Love_Never_Leaves_EPRINT-Octavo#2]    ClustersRetriever.java:326  | Retrieved raw line clusters: 9 of sizes [5] with interline(17,17,18)
2026-03-14 20:23:47,321 INFO [d86b142c2864_Love_Never_Leaves_EPRINT-Octavo#2]            PeakGraph.java:310  | Systems: #1[1, 2, 3] #2[4, 5, 6] #3[7, 8, 9]
2026-03-14 20:23:47,437 INFO [d86b142c2864_Love_Never_Leaves_EPRINT-Octavo#2]        SystemManager.java:779  | 2 parts along 3 systems
2026-03-14 20:23:47,438 INFO [d86b142c2864_Love_Never_Leaves_EPRINT-Octavo#2]       StepMonitoring.java:98   | HEADERS
2026-03-14 20:23:47,524 INFO [d86b142c2864_Love_Never_Leaves_EPRINT-Octavo#2]       StepMonitoring.java:98   | STEM_SEEDS
2026-03-14 20:23:47,552 INFO [d86b142c2864_Love_Never_Leaves_EPRINT-Octavo#2]        StemSeedsStep.java:86   | stem(2 max:4)
2026-03-14 20:23:47,558 INFO [d86b142c2864_Love_Never_Leaves_EPRINT-Octavo#2]       StepMonitoring.java:98   | BEAMS
2026-03-14 20:23:48,799 INFO [d86b142c2864_Love_Never_Leaves_EPRINT-Octavo#2]       StepMonitoring.java:98   | LEDGERS
2026-03-14 20:23:48,898 INFO [d86b142c2864_Love_Never_Leaves_EPRINT-Octavo#2]       StepMonitoring.java:98   | HEADS
2026-03-14 20:23:51,181 INFO [d86b142c2864_Love_Never_Leaves_EPRINT-Octavo#2]        HeadSeedTally.java:235  | Scale information: HeadSeeds{NOTEHEAD_VOID[L:0.4,R:0.5] NOTEHEAD_BLACK[R:0.5]}
2026-03-14 20:23:51,183 INFO [d86b142c2864_Love_Never_Leaves_EPRINT-Octavo#2]       StepMonitoring.java:98   | STEMS
2026-03-14 20:23:51,341 INFO [d86b142c2864_Love_Never_Leaves_EPRINT-Octavo#2]       StepMonitoring.java:98   | REDUCTION
2026-03-14 20:23:51,363 INFO [d86b142c2864_Love_Never_Leaves_EPRINT-Octavo#2]        ReductionStep.java:105  | Stems free length median value: 62 pixels, 3.6 interlines
2026-03-14 20:23:51,364 INFO [d86b142c2864_Love_Never_Leaves_EPRINT-Octavo#2]       StepMonitoring.java:98   | CUE_BEAMS
2026-03-14 20:23:51,364 INFO [d86b142c2864_Love_Never_Leaves_EPRINT-Octavo#2]         CueBeamsStep.java:81   | Step CUE_BEAMS is skipped because small heads switch is off
2026-03-14 20:23:51,364 INFO [d86b142c2864_Love_Never_Leaves_EPRINT-Octavo#2]       StepMonitoring.java:98   | TEXTS
2026-03-14 20:23:52,193 INFO [d86b142c2864_Love_Never_Leaves_EPRINT-Octavo#2]       StepMonitoring.java:98   | MEASURES
2026-03-14 20:23:52,197 INFO [d86b142c2864_Love_Never_Leaves_EPRINT-Octavo#2]                 Page.java:307  | 14 raw measures: [5 in system#1, 5 in system#2, 4 in system#3]
2026-03-14 20:23:52,197 INFO [d86b142c2864_Love_Never_Leaves_EPRINT-Octavo#2]       StepMonitoring.java:98   | CHORDS
2026-03-14 20:23:52,205 INFO [d86b142c2864_Love_Never_Leaves_EPRINT-Octavo#2]       StepMonitoring.java:98   | CURVES
2026-03-14 20:23:52,973 INFO [d86b142c2864_Love_Never_Leaves_EPRINT-Octavo#2]         SlursBuilder.java:240  | Slurs: 8
2026-03-14 20:23:52,983 INFO [d86b142c2864_Love_Never_Leaves_EPRINT-Octavo#2]      SegmentsBuilder.java:155  | Segments: 11
2026-03-14 20:23:52,990 INFO [d86b142c2864_Love_Never_Leaves_EPRINT-Octavo#2]       StepMonitoring.java:98   | SYMBOLS
2026-03-14 20:23:53,470 INFO [d86b142c2864_Love_Never_Leaves_EPRINT-Octavo#2]       StepMonitoring.java:98   | LINKS
2026-03-14 20:23:53,485 INFO [d86b142c2864_Love_Never_Leaves_EPRINT-Octavo#2]        SentenceInter.java:463  | No chord near SentenceInter#2932{(0.617) staff:5 mFont:IS-47 Direction} — —
2026-03-14 20:23:53,486 INFO [d86b142c2864_Love_Never_Leaves_EPRINT-Octavo#2]        SentenceInter.java:463  | No chord near SentenceInter#2938{(0.630) staff:5 mFont:IS-48 Direction} — —
2026-03-14 20:23:53,500 INFO [d86b142c2864_Love_Never_Leaves_EPRINT-Octavo#2]       StepMonitoring.java:98   | RHYTHMS
2026-03-14 20:23:53,501 INFO [d86b142c2864_Love_Never_Leaves_EPRINT-Octavo#2]           PageRhythm.java:205  | {Page#2.1} Time value not yet available in sheet#1
2026-03-14 20:23:53,541 INFO [d86b142c2864_Love_Never_Leaves_EPRINT-Octavo#2]       StepMonitoring.java:98   | PAGE
2026-03-14 20:23:53,545 WARN [d86b142c2864_Love_Never_Leaves_EPRINT-Octavo#2]         MeasureFixer.java:343  | System#1 No target duration for measures local IDs [1, 2, 3, 4, 5], please check time signatures
2026-03-14 20:23:53,546 WARN [d86b142c2864_Love_Never_Leaves_EPRINT-Octavo#2]         MeasureFixer.java:343  | System#2 No target duration for measures local IDs [6, 7, 8, 9, 10], please check time signatures
2026-03-14 20:23:53,546 WARN [d86b142c2864_Love_Never_Leaves_EPRINT-Octavo#2]         MeasureFixer.java:343  | System#3 No target duration for measures local IDs [11, 12, 13, 14], please check time signatures
2026-03-14 20:23:53,546 INFO [d86b142c2864_Love_Never_Leaves_EPRINT-Octavo#2]                 Book.java:2584 | Book{d86b142c2864_Love_Never_Leaves_EPRINT-Octavo} storing
2026-03-14 20:23:53,597 INFO [d86b142c2864_Love_Never_Leaves_EPRINT-Octavo#2]                 Book.java:2565 | Stored /book.xml
2026-03-14 20:23:53,691 INFO [d86b142c2864_Love_Never_Leaves_EPRINT-Octavo#2]           DataHolder.java:348  | Stored /sheet#2/BINARY.png
2026-03-14 20:23:54,072 INFO [d86b142c2864_Love_Never_Leaves_EPRINT-Octavo#2]                Sheet.java:1583 | Stored /sheet#2/sheet#2.xml
2026-03-14 20:23:54,073 INFO [d86b142c2864_Love_Never_Leaves_EPRINT-Octavo#2]                 Book.java:2525 | Book stored as C:\Users\llama\OneDrive\Documents\orchestra\outputs\ffd56ae2080d\omr_out\d86b142c2864_Love_Never_Leaves_EPRINT-Octavo.omr
2026-03-14 20:23:54,079 INFO [d86b142c2864_Love_Never_Leaves_EPRINT-Octavo#2]            SheetStub.java:1654 | Sheet#2 disposed
2026-03-14 20:23:54,104 INFO [d86b142c2864_Love_Never_Leaves_EPRINT-Octavo#2]                 Book.java:2050 | End of Stub#2
2026-03-14 20:23:54,104 INFO [d86b142c2864_Love_Never_Leaves_EPRINT-Octavo#3]       StepMonitoring.java:98   | LOAD
2026-03-14 20:23:54,840 INFO [d86b142c2864_Love_Never_Leaves_EPRINT-Octavo#3]            SheetStub.java:1278 | Loaded image #3 2550x3299 from C:\Users\llama\OneDrive\Documents\orchestra\uploads\d86b142c2864_Love_Never_Leaves_EPRINT-Octavo.pdf
2026-03-14 20:23:54,841 INFO [d86b142c2864_Love_Never_Leaves_EPRINT-Octavo#3]       StepMonitoring.java:98   | BINARY
2026-03-14 20:23:55,083 INFO [d86b142c2864_Love_Never_Leaves_EPRINT-Octavo#3]       StepMonitoring.java:98   | SCALE
2026-03-14 20:23:55,084 INFO [d86b142c2864_Love_Never_Leaves_EPRINT-Octavo#3]         ScaleBuilder.java:241  | Beam  guessed height:  8 -- 0.50 of 16 interline
2026-03-14 20:23:55,085 INFO [d86b142c2864_Love_Never_Leaves_EPRINT-Octavo#3]         ScaleBuilder.java:264  | Beam measured height:  9 -- 0.36 of [5..16] range at 71% of needed quorum
2026-03-14 20:23:55,085 INFO [d86b142c2864_Love_Never_Leaves_EPRINT-Octavo#3]         ScaleBuilder.java:392  | Normalized black jitter: 5.88 %
2026-03-14 20:23:55,085 INFO [d86b142c2864_Love_Never_Leaves_EPRINT-Octavo#3]            ScaleStep.java:65   | Scale{ interline(17,17,18) line(2,2,3) beam(9)}
2026-03-14 20:23:55,085 INFO [d86b142c2864_Love_Never_Leaves_EPRINT-Octavo#3]       StepMonitoring.java:98   | GRID
2026-03-14 20:23:55,122 INFO [d86b142c2864_Love_Never_Leaves_EPRINT-Octavo#3]       LinesRetriever.java:1500 | Global slope: 0.00000
2026-03-14 20:23:55,129 INFO [d86b142c2864_Love_Never_Leaves_EPRINT-Octavo#3]    ClustersRetriever.java:326  | Retrieved raw line clusters: 12 of sizes [5] with interline(17,17,18)
2026-03-14 20:23:55,177 INFO [d86b142c2864_Love_Never_Leaves_EPRINT-Octavo#3]            PeakGraph.java:310  | Systems: #1[1, 2, 3, 4, 5, 6] #2[7, 8, 9, 10, 11, 12]
2026-03-14 20:23:55,183 INFO [d86b142c2864_Love_Never_Leaves_EPRINT-Octavo#3]        BarsRetriever.java:1305 | System#1
2026-03-14 20:23:55,183 INFO [d86b142c2864_Love_Never_Leaves_EPRINT-Octavo#3]        BarsRetriever.java:1308 |    PartGroup{bracket number:1 barline:false staves:1-4}
2026-03-14 20:23:55,183 INFO [d86b142c2864_Love_Never_Leaves_EPRINT-Octavo#3]        BarsRetriever.java:1305 | System#2
2026-03-14 20:23:55,183 INFO [d86b142c2864_Love_Never_Leaves_EPRINT-Octavo#3]        BarsRetriever.java:1308 |    PartGroup{bracket number:1 barline:false staves:7-10}
2026-03-14 20:23:55,246 INFO [d86b142c2864_Love_Never_Leaves_EPRINT-Octavo#3]        SystemManager.java:779  | 5 parts along 2 systems
2026-03-14 20:23:55,246 INFO [d86b142c2864_Love_Never_Leaves_EPRINT-Octavo#3]       StepMonitoring.java:98   | HEADERS
2026-03-14 20:23:55,347 INFO [d86b142c2864_Love_Never_Leaves_EPRINT-Octavo#3]       StepMonitoring.java:98   | STEM_SEEDS
2026-03-14 20:23:55,365 INFO [d86b142c2864_Love_Never_Leaves_EPRINT-Octavo#3]        StemSeedsStep.java:86   | stem(2 max:4)
2026-03-14 20:23:55,371 INFO [d86b142c2864_Love_Never_Leaves_EPRINT-Octavo#3]       StepMonitoring.java:98   | BEAMS
2026-03-14 20:23:57,292 INFO [d86b142c2864_Love_Never_Leaves_EPRINT-Octavo#3]       StepMonitoring.java:98   | LEDGERS
2026-03-14 20:23:57,421 INFO [d86b142c2864_Love_Never_Leaves_EPRINT-Octavo#3]       StepMonitoring.java:98   | HEADS
2026-03-14 20:24:00,204 INFO [d86b142c2864_Love_Never_Leaves_EPRINT-Octavo#3]        HeadSeedTally.java:235  | Scale information: HeadSeeds{NOTEHEAD_VOID[L:0.3,R:-0.4] NOTEHEAD_BLACK[L:0.3,R:-0.3]}
2026-03-14 20:24:00,204 INFO [d86b142c2864_Love_Never_Leaves_EPRINT-Octavo#3]       StepMonitoring.java:98   | STEMS
2026-03-14 20:24:00,516 INFO [d86b142c2864_Love_Never_Leaves_EPRINT-Octavo#3]       StepMonitoring.java:98   | REDUCTION
2026-03-14 20:24:00,536 INFO [d86b142c2864_Love_Never_Leaves_EPRINT-Octavo#3]        ReductionStep.java:105  | Stems free length median value: 62 pixels, 3.6 interlines
2026-03-14 20:24:00,537 INFO [d86b142c2864_Love_Never_Leaves_EPRINT-Octavo#3]       StepMonitoring.java:98   | CUE_BEAMS
2026-03-14 20:24:00,538 INFO [d86b142c2864_Love_Never_Leaves_EPRINT-Octavo#3]         CueBeamsStep.java:81   | Step CUE_BEAMS is skipped because small heads switch is off
2026-03-14 20:24:00,538 INFO [d86b142c2864_Love_Never_Leaves_EPRINT-Octavo#3]       StepMonitoring.java:98   | TEXTS
2026-03-14 20:24:01,665 INFO [d86b142c2864_Love_Never_Leaves_EPRINT-Octavo#3]       StepMonitoring.java:98   | MEASURES
2026-03-14 20:24:01,666 INFO [d86b142c2864_Love_Never_Leaves_EPRINT-Octavo#3]                 Page.java:307  | 8 raw measures: [4 in system#1, 4 in system#2]
2026-03-14 20:24:01,667 INFO [d86b142c2864_Love_Never_Leaves_EPRINT-Octavo#3]       StepMonitoring.java:98   | CHORDS
2026-03-14 20:24:01,670 INFO [d86b142c2864_Love_Never_Leaves_EPRINT-Octavo#3]       StepMonitoring.java:98   | CURVES
2026-03-14 20:24:02,211 INFO [d86b142c2864_Love_Never_Leaves_EPRINT-Octavo#3]         SlursBuilder.java:240  | Slurs: 10
2026-03-14 20:24:02,218 INFO [d86b142c2864_Love_Never_Leaves_EPRINT-Octavo#3]      SegmentsBuilder.java:155  | Segments: 33
2026-03-14 20:24:02,350 INFO [d86b142c2864_Love_Never_Leaves_EPRINT-Octavo#3]    RehearsalsBuilder.java:229  | RehearsalInter#3992{(0.916) staff:1 mFont:BS-51 Rehearsal enclosure:java.awt.Rectangle[x=466,y=107,width=49,height=65]}
2026-03-14 20:24:02,352 INFO [d86b142c2864_Love_Never_Leaves_EPRINT-Octavo#3]       StepMonitoring.java:98   | SYMBOLS
2026-03-14 20:24:02,684 INFO [d86b142c2864_Love_Never_Leaves_EPRINT-Octavo#3]       StepMonitoring.java:98   | LINKS
2026-03-14 20:24:02,706 INFO [d86b142c2864_Love_Never_Leaves_EPRINT-Octavo#3]       StepMonitoring.java:98   | RHYTHMS
2026-03-14 20:24:02,707 INFO [d86b142c2864_Love_Never_Leaves_EPRINT-Octavo#3]           PageRhythm.java:205  | {Page#3.1} Time value not yet available in sheet#1
2026-03-14 20:24:02,726 INFO [d86b142c2864_Love_Never_Leaves_EPRINT-Octavo#3]       StepMonitoring.java:98   | PAGE
2026-03-14 20:24:02,727 WARN [d86b142c2864_Love_Never_Leaves_EPRINT-Octavo#3]         MeasureFixer.java:343  | System#1 No target duration for measures local IDs [1, 2, 3, 4], please check time signatures
2026-03-14 20:24:02,727 WARN [d86b142c2864_Love_Never_Leaves_EPRINT-Octavo#3]         MeasureFixer.java:343  | System#2 No target duration for measures local IDs [5, 6, 7, 8], please check time signatures
2026-03-14 20:24:02,727 INFO [d86b142c2864_Love_Never_Leaves_EPRINT-Octavo#3]                 Book.java:2584 | Book{d86b142c2864_Love_Never_Leaves_EPRINT-Octavo} storing
2026-03-14 20:24:02,789 INFO [d86b142c2864_Love_Never_Leaves_EPRINT-Octavo#3]                 Book.java:2565 | Stored /book.xml
2026-03-14 20:24:02,878 INFO [d86b142c2864_Love_Never_Leaves_EPRINT-Octavo#3]           DataHolder.java:348  | Stored /sheet#3/BINARY.png
2026-03-14 20:24:03,318 INFO [d86b142c2864_Love_Never_Leaves_EPRINT-Octavo#3]                Sheet.java:1583 | Stored /sheet#3/sheet#3.xml
2026-03-14 20:24:03,318 INFO [d86b142c2864_Love_Never_Leaves_EPRINT-Octavo#3]                 Book.java:2525 | Book stored as C:\Users\llama\OneDrive\Documents\orchestra\outputs\ffd56ae2080d\omr_out\d86b142c2864_Love_Never_Leaves_EPRINT-Octavo.omr
2026-03-14 20:24:03,325 INFO [d86b142c2864_Love_Never_Leaves_EPRINT-Octavo#3]            SheetStub.java:1654 | Sheet#3 disposed
2026-03-14 20:24:03,352 INFO [d86b142c2864_Love_Never_Leaves_EPRINT-Octavo#3]                 Book.java:2050 | End of Stub#3
2026-03-14 20:24:03,353 INFO [d86b142c2864_Love_Never_Leaves_EPRINT-Octavo#4]       StepMonitoring.java:98   | LOAD
2026-03-14 20:24:04,018 INFO [d86b142c2864_Love_Never_Leaves_EPRINT-Octavo#4]            SheetStub.java:1278 | Loaded image #4 2550x3299 from C:\Users\llama\OneDrive\Documents\orchestra\uploads\d86b142c2864_Love_Never_Leaves_EPRINT-Octavo.pdf
2026-03-14 20:24:04,019 INFO [d86b142c2864_Love_Never_Leaves_EPRINT-Octavo#4]       StepMonitoring.java:98   | BINARY
2026-03-14 20:24:04,438 INFO [d86b142c2864_Love_Never_Leaves_EPRINT-Octavo#4]       StepMonitoring.java:98   | SCALE
2026-03-14 20:24:04,440 INFO [d86b142c2864_Love_Never_Leaves_EPRINT-Octavo#4]         ScaleBuilder.java:241  | Beam  guessed height:  8 -- 0.50 of 16 interline
2026-03-14 20:24:04,441 INFO [d86b142c2864_Love_Never_Leaves_EPRINT-Octavo#4]         ScaleBuilder.java:264  | Beam measured height:  9 -- 0.36 of [5..16] range at 64% of needed quorum
2026-03-14 20:24:04,441 INFO [d86b142c2864_Love_Never_Leaves_EPRINT-Octavo#4]         ScaleBuilder.java:392  | Normalized black jitter: 5.88 %
2026-03-14 20:24:04,441 INFO [d86b142c2864_Love_Never_Leaves_EPRINT-Octavo#4]            ScaleStep.java:65   | Scale{ interline(17,17,18) line(2,2,3) beam(9)}
2026-03-14 20:24:04,441 INFO [d86b142c2864_Love_Never_Leaves_EPRINT-Octavo#4]       StepMonitoring.java:98   | GRID
2026-03-14 20:24:04,523 INFO [d86b142c2864_Love_Never_Leaves_EPRINT-Octavo#4]       LinesRetriever.java:1500 | Global slope: 0.00000
2026-03-14 20:24:04,533 INFO [d86b142c2864_Love_Never_Leaves_EPRINT-Octavo#4]    ClustersRetriever.java:326  | Retrieved raw line clusters: 12 of sizes [5] with interline(17,17,18)
2026-03-14 20:24:04,568 INFO [d86b142c2864_Love_Never_Leaves_EPRINT-Octavo#4]            PeakGraph.java:310  | Systems: #1[1, 2, 3, 4, 5, 6] #2[7, 8, 9, 10, 11, 12]
2026-03-14 20:24:04,575 INFO [d86b142c2864_Love_Never_Leaves_EPRINT-Octavo#4]        BarsRetriever.java:1305 | System#1
2026-03-14 20:24:04,575 INFO [d86b142c2864_Love_Never_Leaves_EPRINT-Octavo#4]        BarsRetriever.java:1308 |    PartGroup{bracket number:1 barline:false staves:1-4}
2026-03-14 20:24:04,575 INFO [d86b142c2864_Love_Never_Leaves_EPRINT-Octavo#4]        BarsRetriever.java:1305 | System#2
2026-03-14 20:24:04,575 INFO [d86b142c2864_Love_Never_Leaves_EPRINT-Octavo#4]        BarsRetriever.java:1308 |    PartGroup{bracket number:1 barline:false staves:7-10}
2026-03-14 20:24:04,677 INFO [d86b142c2864_Love_Never_Leaves_EPRINT-Octavo#4]        SystemManager.java:779  | 5 parts along 2 systems
2026-03-14 20:24:04,678 INFO [d86b142c2864_Love_Never_Leaves_EPRINT-Octavo#4]       StepMonitoring.java:98   | HEADERS
2026-03-14 20:24:04,817 INFO [d86b142c2864_Love_Never_Leaves_EPRINT-Octavo#4]       StepMonitoring.java:98   | STEM_SEEDS
2026-03-14 20:24:04,846 INFO [d86b142c2864_Love_Never_Leaves_EPRINT-Octavo#4]        StemSeedsStep.java:86   | stem(2 max:4)
2026-03-14 20:24:04,851 INFO [d86b142c2864_Love_Never_Leaves_EPRINT-Octavo#4]       StepMonitoring.java:98   | BEAMS
2026-03-14 20:24:06,935 INFO [d86b142c2864_Love_Never_Leaves_EPRINT-Octavo#4]       StepMonitoring.java:98   | LEDGERS
2026-03-14 20:24:07,035 INFO [d86b142c2864_Love_Never_Leaves_EPRINT-Octavo#4]       StepMonitoring.java:98   | HEADS
2026-03-14 20:24:09,728 INFO [d86b142c2864_Love_Never_Leaves_EPRINT-Octavo#4]        HeadSeedTally.java:235  | Scale information: HeadSeeds{NOTEHEAD_VOID[L:0.4,R:-0.6] NOTEHEAD_BLACK[L:-0.0,R:-0.4]}
2026-03-14 20:24:09,729 INFO [d86b142c2864_Love_Never_Leaves_EPRINT-Octavo#4]       StepMonitoring.java:98   | STEMS
2026-03-14 20:24:10,021 INFO [d86b142c2864_Love_Never_Leaves_EPRINT-Octavo#4]       StepMonitoring.java:98   | REDUCTION
2026-03-14 20:24:10,045 INFO [d86b142c2864_Love_Never_Leaves_EPRINT-Octavo#4]        ReductionStep.java:105  | Stems free length median value: 62 pixels, 3.6 interlines
2026-03-14 20:24:10,046 INFO [d86b142c2864_Love_Never_Leaves_EPRINT-Octavo#4]       StepMonitoring.java:98   | CUE_BEAMS
2026-03-14 20:24:10,047 INFO [d86b142c2864_Love_Never_Leaves_EPRINT-Octavo#4]         CueBeamsStep.java:81   | Step CUE_BEAMS is skipped because small heads switch is off
2026-03-14 20:24:10,047 INFO [d86b142c2864_Love_Never_Leaves_EPRINT-Octavo#4]       StepMonitoring.java:98   | TEXTS
2026-03-14 20:24:11,094 INFO [d86b142c2864_Love_Never_Leaves_EPRINT-Octavo#4]       StepMonitoring.java:98   | MEASURES
2026-03-14 20:24:11,097 INFO [d86b142c2864_Love_Never_Leaves_EPRINT-Octavo#4]                 Page.java:307  | 9 raw measures: [4 in system#1, 5 in system#2]
2026-03-14 20:24:11,097 INFO [d86b142c2864_Love_Never_Leaves_EPRINT-Octavo#4]       StepMonitoring.java:98   | CHORDS
2026-03-14 20:24:11,099 INFO [d86b142c2864_Love_Never_Leaves_EPRINT-Octavo#4]       StepMonitoring.java:98   | CURVES
2026-03-14 20:24:11,580 INFO [d86b142c2864_Love_Never_Leaves_EPRINT-Octavo#4]         SlursBuilder.java:240  | Slurs: 9
2026-03-14 20:24:11,602 INFO [d86b142c2864_Love_Never_Leaves_EPRINT-Octavo#4]      SegmentsBuilder.java:155  | Segments: 29
2026-03-14 20:24:11,611 INFO [d86b142c2864_Love_Never_Leaves_EPRINT-Octavo#4]       StepMonitoring.java:98   | SYMBOLS
2026-03-14 20:24:12,093 INFO [d86b142c2864_Love_Never_Leaves_EPRINT-Octavo#4]       StepMonitoring.java:98   | LINKS
2026-03-14 20:24:12,117 INFO [d86b142c2864_Love_Never_Leaves_EPRINT-Octavo#4]       StepMonitoring.java:98   | RHYTHMS
2026-03-14 20:24:12,118 INFO [d86b142c2864_Love_Never_Leaves_EPRINT-Octavo#4]           PageRhythm.java:205  | {Page#4.1} Time value not yet available in sheet#1
2026-03-14 20:24:12,132 INFO [d86b142c2864_Love_Never_Leaves_EPRINT-Octavo#4]       StepMonitoring.java:98   | PAGE
2026-03-14 20:24:12,133 WARN [d86b142c2864_Love_Never_Leaves_EPRINT-Octavo#4]         MeasureFixer.java:343  | System#1 No target duration for measures local IDs [1, 2, 3, 4], please check time signatures
2026-03-14 20:24:12,133 WARN [d86b142c2864_Love_Never_Leaves_EPRINT-Octavo#4]         MeasureFixer.java:343  | System#2 No target duration for measures local IDs [5, 6, 7, 8], please check time signatures
2026-03-14 20:24:12,133 INFO [d86b142c2864_Love_Never_Leaves_EPRINT-Octavo#4]                 Book.java:2584 | Book{d86b142c2864_Love_Never_Leaves_EPRINT-Octavo} storing
2026-03-14 20:24:12,194 INFO [d86b142c2864_Love_Never_Leaves_EPRINT-Octavo#4]                 Book.java:2565 | Stored /book.xml
2026-03-14 20:24:12,284 INFO [d86b142c2864_Love_Never_Leaves_EPRINT-Octavo#4]           DataHolder.java:348  | Stored /sheet#4/BINARY.png
2026-03-14 20:24:12,778 INFO [d86b142c2864_Love_Never_Leaves_EPRINT-Octavo#4]                Sheet.java:1583 | Stored /sheet#4/sheet#4.xml
2026-03-14 20:24:12,778 INFO [d86b142c2864_Love_Never_Leaves_EPRINT-Octavo#4]                 Book.java:2525 | Book stored as C:\Users\llama\OneDrive\Documents\orchestra\outputs\ffd56ae2080d\omr_out\d86b142c2864_Love_Never_Leaves_EPRINT-Octavo.omr
2026-03-14 20:24:12,787 INFO [d86b142c2864_Love_Never_Leaves_EPRINT-Octavo#4]            SheetStub.java:1654 | Sheet#4 disposed
2026-03-14 20:24:12,814 INFO [d86b142c2864_Love_Never_Leaves_EPRINT-Octavo#4]                 Book.java:2050 | End of Stub#4
2026-03-14 20:24:12,815 INFO [d86b142c2864_Love_Never_Leaves_EPRINT-Octavo#5]       StepMonitoring.java:98   | LOAD
2026-03-14 20:24:13,501 INFO [d86b142c2864_Love_Never_Leaves_EPRINT-Octavo#5]            SheetStub.java:1278 | Loaded image #5 2550x3299 from C:\Users\llama\OneDrive\Documents\orchestra\uploads\d86b142c2864_Love_Never_Leaves_EPRINT-Octavo.pdf
2026-03-14 20:24:13,502 INFO [d86b142c2864_Love_Never_Leaves_EPRINT-Octavo#5]       StepMonitoring.java:98   | BINARY
2026-03-14 20:24:13,924 INFO [d86b142c2864_Love_Never_Leaves_EPRINT-Octavo#5]       StepMonitoring.java:98   | SCALE
2026-03-14 20:24:13,927 INFO [d86b142c2864_Love_Never_Leaves_EPRINT-Octavo#5]         ScaleBuilder.java:241  | Beam  guessed height:  8 -- 0.50 of 17 interline
2026-03-14 20:24:13,927 INFO [d86b142c2864_Love_Never_Leaves_EPRINT-Octavo#5]         ScaleBuilder.java:264  | Beam measured height:  9 -- 0.33 of [5..17] range at 204% of needed quorum
2026-03-14 20:24:13,928 INFO [d86b142c2864_Love_Never_Leaves_EPRINT-Octavo#5]         ScaleBuilder.java:392  | Normalized black jitter: 11.11 %
2026-03-14 20:24:13,928 INFO [d86b142c2864_Love_Never_Leaves_EPRINT-Octavo#5]            ScaleStep.java:65   | Scale{ interline(17,18,18) line(2,2,4) beam(9)}
2026-03-14 20:24:13,928 INFO [d86b142c2864_Love_Never_Leaves_EPRINT-Octavo#5]       StepMonitoring.java:98   | GRID
2026-03-14 20:24:14,048 INFO [d86b142c2864_Love_Never_Leaves_EPRINT-Octavo#5]       LinesRetriever.java:1500 | Global slope: 0.00000
2026-03-14 20:24:14,062 INFO [d86b142c2864_Love_Never_Leaves_EPRINT-Octavo#5]    ClustersRetriever.java:326  | Retrieved raw line clusters: 12 of sizes [5] with interline(17,18,18)
2026-03-14 20:24:14,114 INFO [d86b142c2864_Love_Never_Leaves_EPRINT-Octavo#5]            PeakGraph.java:310  | Systems: #1[1, 2, 3, 4, 5, 6] #2[7, 8, 9, 10, 11, 12]
2026-03-14 20:24:14,122 INFO [d86b142c2864_Love_Never_Leaves_EPRINT-Octavo#5]        BarsRetriever.java:1305 | System#1
2026-03-14 20:24:14,122 INFO [d86b142c2864_Love_Never_Leaves_EPRINT-Octavo#5]        BarsRetriever.java:1308 |    PartGroup{bracket number:1 barline:false staves:1-4}
2026-03-14 20:24:14,122 INFO [d86b142c2864_Love_Never_Leaves_EPRINT-Octavo#5]        BarsRetriever.java:1305 | System#2
2026-03-14 20:24:14,122 INFO [d86b142c2864_Love_Never_Leaves_EPRINT-Octavo#5]        BarsRetriever.java:1308 |    PartGroup{bracket number:1 barline:false staves:7-10}
2026-03-14 20:24:14,238 INFO [d86b142c2864_Love_Never_Leaves_EPRINT-Octavo#5]        SystemManager.java:779  | 5 parts along 2 systems
2026-03-14 20:24:14,240 INFO [d86b142c2864_Love_Never_Leaves_EPRINT-Octavo#5]       StepMonitoring.java:98   | HEADERS
2026-03-14 20:24:14,580 INFO [d86b142c2864_Love_Never_Leaves_EPRINT-Octavo#5]       StepMonitoring.java:98   | STEM_SEEDS
2026-03-14 20:24:14,608 INFO [d86b142c2864_Love_Never_Leaves_EPRINT-Octavo#5]        StemSeedsStep.java:86   | stem(2 max:4)
2026-03-14 20:24:14,615 INFO [d86b142c2864_Love_Never_Leaves_EPRINT-Octavo#5]       StepMonitoring.java:98   | BEAMS
2026-03-14 20:24:16,871 INFO [d86b142c2864_Love_Never_Leaves_EPRINT-Octavo#5]       StepMonitoring.java:98   | LEDGERS
2026-03-14 20:24:16,983 INFO [d86b142c2864_Love_Never_Leaves_EPRINT-Octavo#5]       StepMonitoring.java:98   | HEADS
2026-03-14 20:24:19,752 INFO [d86b142c2864_Love_Never_Leaves_EPRINT-Octavo#5]        HeadSeedTally.java:235  | Scale information: HeadSeeds{NOTEHEAD_VOID[L:0.4] NOTEHEAD_BLACK[L:0.5,R:0.4]}
2026-03-14 20:24:19,752 INFO [d86b142c2864_Love_Never_Leaves_EPRINT-Octavo#5]       StepMonitoring.java:98   | STEMS
2026-03-14 20:24:19,988 INFO [d86b142c2864_Love_Never_Leaves_EPRINT-Octavo#5]       StepMonitoring.java:98   | REDUCTION
2026-03-14 20:24:20,008 INFO [d86b142c2864_Love_Never_Leaves_EPRINT-Octavo#5]        ReductionStep.java:105  | Stems free length median value: 62 pixels, 3.4 interlines
2026-03-14 20:24:20,009 INFO [d86b142c2864_Love_Never_Leaves_EPRINT-Octavo#5]       StepMonitoring.java:98   | CUE_BEAMS
2026-03-14 20:24:20,009 INFO [d86b142c2864_Love_Never_Leaves_EPRINT-Octavo#5]         CueBeamsStep.java:81   | Step CUE_BEAMS is skipped because small heads switch is off
2026-03-14 20:24:20,009 INFO [d86b142c2864_Love_Never_Leaves_EPRINT-Octavo#5]       StepMonitoring.java:98   | TEXTS
2026-03-14 20:24:20,969 INFO [d86b142c2864_Love_Never_Leaves_EPRINT-Octavo#5]       StepMonitoring.java:98   | MEASURES
2026-03-14 20:24:20,970 INFO [d86b142c2864_Love_Never_Leaves_EPRINT-Octavo#5]                 Page.java:307  | 6 raw measures: [3 in system#1, 3 in system#2]
2026-03-14 20:24:20,970 INFO [d86b142c2864_Love_Never_Leaves_EPRINT-Octavo#5]       StepMonitoring.java:98   | CHORDS
2026-03-14 20:24:20,973 INFO [d86b142c2864_Love_Never_Leaves_EPRINT-Octavo#5]       StepMonitoring.java:98   | CURVES
2026-03-14 20:24:21,426 INFO [d86b142c2864_Love_Never_Leaves_EPRINT-Octavo#5]         SlursBuilder.java:240  | Slurs: 27
2026-03-14 20:24:21,429 INFO [d86b142c2864_Love_Never_Leaves_EPRINT-Octavo#5]      SegmentsBuilder.java:155  | Segments: 12
2026-03-14 20:24:21,545 INFO [d86b142c2864_Love_Never_Leaves_EPRINT-Octavo#5]    RehearsalsBuilder.java:229  | RehearsalInter#3631{(0.928) staff:1 mFont:S-52 Rehearsal enclosure:java.awt.Rectangle[x=503,y=89,width=51,height=65]}
2026-03-14 20:24:21,545 INFO [d86b142c2864_Love_Never_Leaves_EPRINT-Octavo#5]       StepMonitoring.java:98   | SYMBOLS
2026-03-14 20:24:21,832 INFO [d86b142c2864_Love_Never_Leaves_EPRINT-Octavo#5]       StepMonitoring.java:98   | LINKS
2026-03-14 20:24:21,852 INFO [d86b142c2864_Love_Never_Leaves_EPRINT-Octavo#5]       StepMonitoring.java:98   | RHYTHMS
2026-03-14 20:24:21,864 INFO [d86b142c2864_Love_Never_Leaves_EPRINT-Octavo#5]                Voice.java:257  | Measure{#6P1} Voice{#1 excess:1/8} too long
2026-03-14 20:24:21,867 INFO [d86b142c2864_Love_Never_Leaves_EPRINT-Octavo#5]          StackRhythm.java:224  | S2 MeasureStack#6 no correct rhythm
2026-03-14 20:24:21,868 INFO [d86b142c2864_Love_Never_Leaves_EPRINT-Octavo#5]       StepMonitoring.java:98   | PAGE
2026-03-14 20:24:21,869 INFO [d86b142c2864_Love_Never_Leaves_EPRINT-Octavo#5]                Voice.java:257  | Measure{#6P1} Voice{#1 excess:1/8} too long
2026-03-14 20:24:21,869 INFO [d86b142c2864_Love_Never_Leaves_EPRINT-Octavo#5]                 Book.java:2584 | Book{d86b142c2864_Love_Never_Leaves_EPRINT-Octavo} storing
2026-03-14 20:24:21,930 INFO [d86b142c2864_Love_Never_Leaves_EPRINT-Octavo#5]                 Book.java:2565 | Stored /book.xml
2026-03-14 20:24:22,024 INFO [d86b142c2864_Love_Never_Leaves_EPRINT-Octavo#5]           DataHolder.java:348  | Stored /sheet#5/BINARY.png
2026-03-14 20:24:22,459 INFO [d86b142c2864_Love_Never_Leaves_EPRINT-Octavo#5]                Sheet.java:1583 | Stored /sheet#5/sheet#5.xml
2026-03-14 20:24:22,460 INFO [d86b142c2864_Love_Never_Leaves_EPRINT-Octavo#5]                 Book.java:2525 | Book stored as C:\Users\llama\OneDrive\Documents\orchestra\outputs\ffd56ae2080d\omr_out\d86b142c2864_Love_Never_Leaves_EPRINT-Octavo.omr
2026-03-14 20:24:22,469 INFO [d86b142c2864_Love_Never_Leaves_EPRINT-Octavo#5]            SheetStub.java:1654 | Sheet#5 disposed
2026-03-14 20:24:22,497 INFO [d86b142c2864_Love_Never_Leaves_EPRINT-Octavo#5]                 Book.java:2050 | End of Stub#5
2026-03-14 20:24:22,497 INFO [d86b142c2864_Love_Never_Leaves_EPRINT-Octavo#6]       StepMonitoring.java:98   | LOAD
2026-03-14 20:24:23,211 INFO [d86b142c2864_Love_Never_Leaves_EPRINT-Octavo#6]            SheetStub.java:1278 | Loaded image #6 2550x3299 from C:\Users\llama\OneDrive\Documents\orchestra\uploads\d86b142c2864_Love_Never_Leaves_EPRINT-Octavo.pdf
2026-03-14 20:24:23,212 INFO [d86b142c2864_Love_Never_Leaves_EPRINT-Octavo#6]       StepMonitoring.java:98   | BINARY
2026-03-14 20:24:23,612 INFO [d86b142c2864_Love_Never_Leaves_EPRINT-Octavo#6]       StepMonitoring.java:98   | SCALE
2026-03-14 20:24:23,614 INFO [d86b142c2864_Love_Never_Leaves_EPRINT-Octavo#6]         ScaleBuilder.java:241  | Beam  guessed height:  8 -- 0.50 of 16 interline
2026-03-14 20:24:23,615 INFO [d86b142c2864_Love_Never_Leaves_EPRINT-Octavo#6]         ScaleBuilder.java:264  | Beam measured height:  9 -- 0.36 of [5..16] range at 154% of needed quorum
2026-03-14 20:24:23,615 INFO [d86b142c2864_Love_Never_Leaves_EPRINT-Octavo#6]         ScaleBuilder.java:392  | Normalized black jitter: 11.76 %
2026-03-14 20:24:23,616 INFO [d86b142c2864_Love_Never_Leaves_EPRINT-Octavo#6]            ScaleStep.java:65   | Scale{ interline(17,17,18) line(2,2,4) beam(9)}
2026-03-14 20:24:23,616 INFO [d86b142c2864_Love_Never_Leaves_EPRINT-Octavo#6]       StepMonitoring.java:98   | GRID
2026-03-14 20:24:23,692 INFO [d86b142c2864_Love_Never_Leaves_EPRINT-Octavo#6]       LinesRetriever.java:1500 | Global slope: 0.00000
2026-03-14 20:24:23,702 INFO [d86b142c2864_Love_Never_Leaves_EPRINT-Octavo#6]    ClustersRetriever.java:326  | Retrieved raw line clusters: 12 of sizes [5] with interline(17,17,18)
2026-03-14 20:24:23,737 INFO [d86b142c2864_Love_Never_Leaves_EPRINT-Octavo#6]            PeakGraph.java:310  | Systems: #1[1, 2, 3, 4, 5, 6] #2[7, 8, 9, 10, 11, 12]
2026-03-14 20:24:23,744 INFO [d86b142c2864_Love_Never_Leaves_EPRINT-Octavo#6]        BarsRetriever.java:1305 | System#1
2026-03-14 20:24:23,744 INFO [d86b142c2864_Love_Never_Leaves_EPRINT-Octavo#6]        BarsRetriever.java:1308 |    PartGroup{bracket number:1 barline:false staves:1-4}
2026-03-14 20:24:23,744 INFO [d86b142c2864_Love_Never_Leaves_EPRINT-Octavo#6]        BarsRetriever.java:1305 | System#2
2026-03-14 20:24:23,745 INFO [d86b142c2864_Love_Never_Leaves_EPRINT-Octavo#6]        BarsRetriever.java:1308 |    PartGroup{bracket number:1 barline:false staves:7-10}
2026-03-14 20:24:23,851 INFO [d86b142c2864_Love_Never_Leaves_EPRINT-Octavo#6]        SystemManager.java:779  | 5 parts along 2 systems
2026-03-14 20:24:23,851 INFO [d86b142c2864_Love_Never_Leaves_EPRINT-Octavo#6]       StepMonitoring.java:98   | HEADERS
2026-03-14 20:24:24,164 INFO [d86b142c2864_Love_Never_Leaves_EPRINT-Octavo#6]       StepMonitoring.java:98   | STEM_SEEDS
2026-03-14 20:24:24,186 INFO [d86b142c2864_Love_Never_Leaves_EPRINT-Octavo#6]        StemSeedsStep.java:86   | stem(2 max:4)
2026-03-14 20:24:24,191 INFO [d86b142c2864_Love_Never_Leaves_EPRINT-Octavo#6]       StepMonitoring.java:98   | BEAMS
2026-03-14 20:24:26,254 INFO [d86b142c2864_Love_Never_Leaves_EPRINT-Octavo#6]       StepMonitoring.java:98   | LEDGERS
2026-03-14 20:24:26,360 INFO [d86b142c2864_Love_Never_Leaves_EPRINT-Octavo#6]       StepMonitoring.java:98   | HEADS
2026-03-14 20:24:29,025 INFO [d86b142c2864_Love_Never_Leaves_EPRINT-Octavo#6]        HeadSeedTally.java:235  | Scale information: HeadSeeds{NOTEHEAD_VOID[L:0.5,R:-0.5] NOTEHEAD_BLACK[L:0.0,R:-1.1]}
2026-03-14 20:24:29,025 INFO [d86b142c2864_Love_Never_Leaves_EPRINT-Octavo#6]       StepMonitoring.java:98   | STEMS
2026-03-14 20:24:29,349 INFO [d86b142c2864_Love_Never_Leaves_EPRINT-Octavo#6]       StepMonitoring.java:98   | REDUCTION
2026-03-14 20:24:29,381 INFO [d86b142c2864_Love_Never_Leaves_EPRINT-Octavo#6]        ReductionStep.java:105  | Stems free length median value: 62 pixels, 3.6 interlines
2026-03-14 20:24:29,382 INFO [d86b142c2864_Love_Never_Leaves_EPRINT-Octavo#6]       StepMonitoring.java:98   | CUE_BEAMS
2026-03-14 20:24:29,383 INFO [d86b142c2864_Love_Never_Leaves_EPRINT-Octavo#6]         CueBeamsStep.java:81   | Step CUE_BEAMS is skipped because small heads switch is off
2026-03-14 20:24:29,383 INFO [d86b142c2864_Love_Never_Leaves_EPRINT-Octavo#6]       StepMonitoring.java:98   | TEXTS
2026-03-14 20:24:30,375 INFO [d86b142c2864_Love_Never_Leaves_EPRINT-Octavo#6]       StepMonitoring.java:98   | MEASURES
2026-03-14 20:24:30,377 INFO [d86b142c2864_Love_Never_Leaves_EPRINT-Octavo#6]                 Page.java:307  | 7 raw measures: [3 in system#1, 4 in system#2]
2026-03-14 20:24:30,377 INFO [d86b142c2864_Love_Never_Leaves_EPRINT-Octavo#6]       StepMonitoring.java:98   | CHORDS
2026-03-14 20:24:30,379 INFO [d86b142c2864_Love_Never_Leaves_EPRINT-Octavo#6]       StepMonitoring.java:98   | CURVES
2026-03-14 20:24:30,937 INFO [d86b142c2864_Love_Never_Leaves_EPRINT-Octavo#6]         SlursBuilder.java:240  | Slurs: 16
2026-03-14 20:24:30,942 INFO [d86b142c2864_Love_Never_Leaves_EPRINT-Octavo#6]      SegmentsBuilder.java:155  | Segments: 27
2026-03-14 20:24:30,948 INFO [d86b142c2864_Love_Never_Leaves_EPRINT-Octavo#6]       StepMonitoring.java:98   | SYMBOLS
2026-03-14 20:24:31,268 INFO [d86b142c2864_Love_Never_Leaves_EPRINT-Octavo#6]       StepMonitoring.java:98   | LINKS
2026-03-14 20:24:31,295 INFO [d86b142c2864_Love_Never_Leaves_EPRINT-Octavo#6]       StepMonitoring.java:98   | RHYTHMS
2026-03-14 20:24:31,295 INFO [d86b142c2864_Love_Never_Leaves_EPRINT-Octavo#6]           PageRhythm.java:199  | {Page#6.1} Time value reused from sheet#5
2026-03-14 20:24:31,306 INFO [d86b142c2864_Love_Never_Leaves_EPRINT-Octavo#6]       StepMonitoring.java:98   | PAGE
2026-03-14 20:24:31,308 INFO [d86b142c2864_Love_Never_Leaves_EPRINT-Octavo#6]                 Book.java:2584 | Book{d86b142c2864_Love_Never_Leaves_EPRINT-Octavo} storing
2026-03-14 20:24:31,373 INFO [d86b142c2864_Love_Never_Leaves_EPRINT-Octavo#6]                 Book.java:2565 | Stored /book.xml
2026-03-14 20:24:31,467 INFO [d86b142c2864_Love_Never_Leaves_EPRINT-Octavo#6]           DataHolder.java:348  | Stored /sheet#6/BINARY.png
2026-03-14 20:24:31,981 INFO [d86b142c2864_Love_Never_Leaves_EPRINT-Octavo#6]                Sheet.java:1583 | Stored /sheet#6/sheet#6.xml
2026-03-14 20:24:31,981 INFO [d86b142c2864_Love_Never_Leaves_EPRINT-Octavo#6]                 Book.java:2525 | Book stored as C:\Users\llama\OneDrive\Documents\orchestra\outputs\ffd56ae2080d\omr_out\d86b142c2864_Love_Never_Leaves_EPRINT-Octavo.omr
2026-03-14 20:24:31,989 INFO [d86b142c2864_Love_Never_Leaves_EPRINT-Octavo#6]            SheetStub.java:1654 | Sheet#6 disposed
2026-03-14 20:24:32,014 INFO [d86b142c2864_Love_Never_Leaves_EPRINT-Octavo#6]                 Book.java:2050 | End of Stub#6
2026-03-14 20:24:32,015 INFO [d86b142c2864_Love_Never_Leaves_EPRINT-Octavo#7]       StepMonitoring.java:98   | LOAD
2026-03-14 20:24:32,703 INFO [d86b142c2864_Love_Never_Leaves_EPRINT-Octavo#7]            SheetStub.java:1278 | Loaded image #7 2550x3299 from C:\Users\llama\OneDrive\Documents\orchestra\uploads\d86b142c2864_Love_Never_Leaves_EPRINT-Octavo.pdf
2026-03-14 20:24:32,705 INFO [d86b142c2864_Love_Never_Leaves_EPRINT-Octavo#7]       StepMonitoring.java:98   | BINARY
2026-03-14 20:24:33,107 INFO [d86b142c2864_Love_Never_Leaves_EPRINT-Octavo#7]       StepMonitoring.java:98   | SCALE
2026-03-14 20:24:33,109 INFO [d86b142c2864_Love_Never_Leaves_EPRINT-Octavo#7]         ScaleBuilder.java:241  | Beam  guessed height:  8 -- 0.50 of 16 interline
2026-03-14 20:24:33,109 INFO [d86b142c2864_Love_Never_Leaves_EPRINT-Octavo#7]         ScaleBuilder.java:264  | Beam measured height: 10 -- 0.45 of [5..16] range at 93% of needed quorum
2026-03-14 20:24:33,109 INFO [d86b142c2864_Love_Never_Leaves_EPRINT-Octavo#7]         ScaleBuilder.java:392  | Normalized black jitter: 5.88 %
2026-03-14 20:24:33,109 INFO [d86b142c2864_Love_Never_Leaves_EPRINT-Octavo#7]            ScaleStep.java:65   | Scale{ interline(17,17,18) line(2,2,3) beam(10)}
2026-03-14 20:24:33,109 INFO [d86b142c2864_Love_Never_Leaves_EPRINT-Octavo#7]       StepMonitoring.java:98   | GRID
2026-03-14 20:24:33,194 INFO [d86b142c2864_Love_Never_Leaves_EPRINT-Octavo#7]       LinesRetriever.java:1500 | Global slope: 0.00000
2026-03-14 20:24:33,201 INFO [d86b142c2864_Love_Never_Leaves_EPRINT-Octavo#7]    ClustersRetriever.java:326  | Retrieved raw line clusters: 12 of sizes [5] with interline(17,17,18)
2026-03-14 20:24:33,235 INFO [d86b142c2864_Love_Never_Leaves_EPRINT-Octavo#7]            PeakGraph.java:310  | Systems: #1[1, 2, 3, 4, 5, 6] #2[7, 8, 9, 10, 11, 12]
2026-03-14 20:24:33,244 INFO [d86b142c2864_Love_Never_Leaves_EPRINT-Octavo#7]        BarsRetriever.java:1305 | System#1
2026-03-14 20:24:33,244 INFO [d86b142c2864_Love_Never_Leaves_EPRINT-Octavo#7]        BarsRetriever.java:1308 |    PartGroup{bracket number:1 barline:false staves:1-4}
2026-03-14 20:24:33,244 INFO [d86b142c2864_Love_Never_Leaves_EPRINT-Octavo#7]        BarsRetriever.java:1305 | System#2
2026-03-14 20:24:33,244 INFO [d86b142c2864_Love_Never_Leaves_EPRINT-Octavo#7]        BarsRetriever.java:1308 |    PartGroup{bracket number:1 barline:false staves:7-10}
2026-03-14 20:24:33,371 INFO [d86b142c2864_Love_Never_Leaves_EPRINT-Octavo#7]        SystemManager.java:779  | 5 parts along 2 systems
2026-03-14 20:24:33,371 INFO [d86b142c2864_Love_Never_Leaves_EPRINT-Octavo#7]       StepMonitoring.java:98   | HEADERS
2026-03-14 20:24:33,541 INFO [d86b142c2864_Love_Never_Leaves_EPRINT-Octavo#7]       StepMonitoring.java:98   | STEM_SEEDS
2026-03-14 20:24:33,563 INFO [d86b142c2864_Love_Never_Leaves_EPRINT-Octavo#7]        StemSeedsStep.java:86   | stem(2 max:4)
2026-03-14 20:24:33,569 INFO [d86b142c2864_Love_Never_Leaves_EPRINT-Octavo#7]       StepMonitoring.java:98   | BEAMS
2026-03-14 20:24:35,896 INFO [d86b142c2864_Love_Never_Leaves_EPRINT-Octavo#7]       StepMonitoring.java:98   | LEDGERS
2026-03-14 20:24:36,044 INFO [d86b142c2864_Love_Never_Leaves_EPRINT-Octavo#7]       StepMonitoring.java:98   | HEADS
2026-03-14 20:24:38,672 INFO [d86b142c2864_Love_Never_Leaves_EPRINT-Octavo#7]        HeadSeedTally.java:235  | Scale information: HeadSeeds{NOTEHEAD_VOID[R:-0.5] NOTEHEAD_BLACK[L:-0.1,R:-0.8]}
2026-03-14 20:24:38,673 INFO [d86b142c2864_Love_Never_Leaves_EPRINT-Octavo#7]       StepMonitoring.java:98   | STEMS
2026-03-14 20:24:39,023 INFO [d86b142c2864_Love_Never_Leaves_EPRINT-Octavo#7]       StepMonitoring.java:98   | REDUCTION
2026-03-14 20:24:39,052 INFO [d86b142c2864_Love_Never_Leaves_EPRINT-Octavo#7]        ReductionStep.java:105  | Stems free length median value: 62 pixels, 3.6 interlines
2026-03-14 20:24:39,054 INFO [d86b142c2864_Love_Never_Leaves_EPRINT-Octavo#7]       StepMonitoring.java:98   | CUE_BEAMS
2026-03-14 20:24:39,054 INFO [d86b142c2864_Love_Never_Leaves_EPRINT-Octavo#7]         CueBeamsStep.java:81   | Step CUE_BEAMS is skipped because small heads switch is off
2026-03-14 20:24:39,055 INFO [d86b142c2864_Love_Never_Leaves_EPRINT-Octavo#7]       StepMonitoring.java:98   | TEXTS
2026-03-14 20:24:40,058 INFO [d86b142c2864_Love_Never_Leaves_EPRINT-Octavo#7]       StepMonitoring.java:98   | MEASURES
2026-03-14 20:24:40,059 INFO [d86b142c2864_Love_Never_Leaves_EPRINT-Octavo#7]                 Page.java:307  | 8 raw measures: [4 in system#1, 4 in system#2]
2026-03-14 20:24:40,059 INFO [d86b142c2864_Love_Never_Leaves_EPRINT-Octavo#7]       StepMonitoring.java:98   | CHORDS
2026-03-14 20:24:40,062 INFO [d86b142c2864_Love_Never_Leaves_EPRINT-Octavo#7]       StepMonitoring.java:98   | CURVES
2026-03-14 20:24:40,569 INFO [d86b142c2864_Love_Never_Leaves_EPRINT-Octavo#7]         SlursBuilder.java:240  | Slurs: 13
2026-03-14 20:24:40,572 INFO [d86b142c2864_Love_Never_Leaves_EPRINT-Octavo#7]      SegmentsBuilder.java:155  | Segments: 24
2026-03-14 20:24:40,576 INFO [d86b142c2864_Love_Never_Leaves_EPRINT-Octavo#7]       StepMonitoring.java:98   | SYMBOLS
2026-03-14 20:24:41,075 INFO [d86b142c2864_Love_Never_Leaves_EPRINT-Octavo#7]       StepMonitoring.java:98   | LINKS
2026-03-14 20:24:41,076 INFO [d86b142c2864_Love_Never_Leaves_EPRINT-Octavo#7]        SymbolsLinker.java:258  | No chord linked to OctaveShiftInter#5282{(0.278) staff:3 OTTAVA BASSA} at java.awt.Point[x=693,y=825]
2026-03-14 20:24:41,078 INFO [d86b142c2864_Love_Never_Leaves_EPRINT-Octavo#7]        SymbolsLinker.java:258  | No chord linked to OctaveShiftInter#5292{(0.203) staff:4 OTTAVA BASSA} at java.awt.Point[x=693,y=1053]
2026-03-14 20:24:41,078 INFO [d86b142c2864_Love_Never_Leaves_EPRINT-Octavo#7]        SymbolsLinker.java:258  | No chord linked to OctaveShiftInter#5373{(0.318) staff:1 OTTAVA BASSA} at java.awt.Point[x=1434,y=366]
2026-03-14 20:24:41,078 INFO [d86b142c2864_Love_Never_Leaves_EPRINT-Octavo#7]        SymbolsLinker.java:258  | No chord linked to OctaveShiftInter#5395{(0.321) staff:2 OTTAVA BASSA} at java.awt.Point[x=1434,y=592]
2026-03-14 20:24:41,078 INFO [d86b142c2864_Love_Never_Leaves_EPRINT-Octavo#7]        SymbolsLinker.java:258  | No chord linked to OctaveShiftInter#5417{(0.143) staff:3 OTTAVA BASSA} at java.awt.Point[x=1434,y=825]
2026-03-14 20:24:41,078 INFO [d86b142c2864_Love_Never_Leaves_EPRINT-Octavo#7]        SymbolsLinker.java:258  | No chord linked to OctaveShiftInter#5439{(0.133) staff:4 OTTAVA BASSA} at java.awt.Point[x=1434,y=1053]
2026-03-14 20:24:41,101 INFO [d86b142c2864_Love_Never_Leaves_EPRINT-Octavo#7]       StepMonitoring.java:98   | RHYTHMS
2026-03-14 20:24:41,101 INFO [d86b142c2864_Love_Never_Leaves_EPRINT-Octavo#7]           PageRhythm.java:199  | {Page#7.1} Time value reused from sheet#6
2026-03-14 20:24:41,108 INFO [d86b142c2864_Love_Never_Leaves_EPRINT-Octavo#7]                Voice.java:257  | Measure{#5P5} Voice{#6 excess:1/4} too long
2026-03-14 20:24:41,108 INFO [d86b142c2864_Love_Never_Leaves_EPRINT-Octavo#7]                Voice.java:257  | Measure{#5P5} Voice{#2 excess:1/4} too long
2026-03-14 20:24:41,108 INFO [d86b142c2864_Love_Never_Leaves_EPRINT-Octavo#7]          StackRhythm.java:224  | S2 MeasureStack#5 no correct rhythm
2026-03-14 20:24:41,110 INFO [d86b142c2864_Love_Never_Leaves_EPRINT-Octavo#7]                Voice.java:257  | Measure{#6P5} Voice{#6 excess:1/4} too long
2026-03-14 20:24:41,111 INFO [d86b142c2864_Love_Never_Leaves_EPRINT-Octavo#7]                Voice.java:257  | Measure{#6P5} Voice{#2 excess:1/4} too long
2026-03-14 20:24:41,111 INFO [d86b142c2864_Love_Never_Leaves_EPRINT-Octavo#7]          StackRhythm.java:224  | S2 MeasureStack#6 no correct rhythm
2026-03-14 20:24:41,113 INFO [d86b142c2864_Love_Never_Leaves_EPRINT-Octavo#7]       StepMonitoring.java:98   | PAGE
2026-03-14 20:24:41,114 INFO [d86b142c2864_Love_Never_Leaves_EPRINT-Octavo#7]                Voice.java:257  | Measure{#5P5} Voice{#2 excess:1/4} too long
2026-03-14 20:24:41,114 INFO [d86b142c2864_Love_Never_Leaves_EPRINT-Octavo#7]                Voice.java:257  | Measure{#5P5} Voice{#6 excess:1/4} too long
2026-03-14 20:24:41,114 INFO [d86b142c2864_Love_Never_Leaves_EPRINT-Octavo#7]                Voice.java:257  | Measure{#6P5} Voice{#2 excess:1/4} too long
2026-03-14 20:24:41,114 INFO [d86b142c2864_Love_Never_Leaves_EPRINT-Octavo#7]                Voice.java:257  | Measure{#6P5} Voice{#6 excess:1/4} too long
2026-03-14 20:24:41,116 INFO [d86b142c2864_Love_Never_Leaves_EPRINT-Octavo#7]                 Book.java:2584 | Book{d86b142c2864_Love_Never_Leaves_EPRINT-Octavo} storing
2026-03-14 20:24:41,174 INFO [d86b142c2864_Love_Never_Leaves_EPRINT-Octavo#7]                 Book.java:2565 | Stored /book.xml
2026-03-14 20:24:41,269 INFO [d86b142c2864_Love_Never_Leaves_EPRINT-Octavo#7]           DataHolder.java:348  | Stored /sheet#7/BINARY.png
2026-03-14 20:24:41,686 INFO [d86b142c2864_Love_Never_Leaves_EPRINT-Octavo#7]                Sheet.java:1583 | Stored /sheet#7/sheet#7.xml
2026-03-14 20:24:41,686 INFO [d86b142c2864_Love_Never_Leaves_EPRINT-Octavo#7]                 Book.java:2525 | Book stored as C:\Users\llama\OneDrive\Documents\orchestra\outputs\ffd56ae2080d\omr_out\d86b142c2864_Love_Never_Leaves_EPRINT-Octavo.omr
2026-03-14 20:24:41,696 INFO [d86b142c2864_Love_Never_Leaves_EPRINT-Octavo#7]            SheetStub.java:1654 | Sheet#7 disposed
2026-03-14 20:24:41,723 INFO [d86b142c2864_Love_Never_Leaves_EPRINT-Octavo#7]                 Book.java:2050 | End of Stub#7
2026-03-14 20:24:41,723 INFO [d86b142c2864_Love_Never_Leaves_EPRINT-Octavo#8]       StepMonitoring.java:98   | LOAD
2026-03-14 20:24:42,394 INFO [d86b142c2864_Love_Never_Leaves_EPRINT-Octavo#8]            SheetStub.java:1278 | Loaded image #8 2550x3299 from C:\Users\llama\OneDrive\Documents\orchestra\uploads\d86b142c2864_Love_Never_Leaves_EPRINT-Octavo.pdf
2026-03-14 20:24:42,395 INFO [d86b142c2864_Love_Never_Leaves_EPRINT-Octavo#8]       StepMonitoring.java:98   | BINARY
2026-03-14 20:24:42,845 INFO [d86b142c2864_Love_Never_Leaves_EPRINT-Octavo#8]       StepMonitoring.java:98   | SCALE
2026-03-14 20:24:42,847 INFO [d86b142c2864_Love_Never_Leaves_EPRINT-Octavo#8]         ScaleBuilder.java:241  | Beam  guessed height:  8 -- 0.50 of 17 interline
2026-03-14 20:24:42,847 INFO [d86b142c2864_Love_Never_Leaves_EPRINT-Octavo#8]         ScaleBuilder.java:264  | Beam measured height:  9 -- 0.33 of [5..17] range at 98% of needed quorum
2026-03-14 20:24:42,847 INFO [d86b142c2864_Love_Never_Leaves_EPRINT-Octavo#8]         ScaleBuilder.java:392  | Normalized black jitter: 5.56 %
2026-03-14 20:24:42,847 INFO [d86b142c2864_Love_Never_Leaves_EPRINT-Octavo#8]            ScaleStep.java:65   | Scale{ interline(17,18,18) line(2,2,3) beam(9)}
2026-03-14 20:24:42,847 INFO [d86b142c2864_Love_Never_Leaves_EPRINT-Octavo#8]       StepMonitoring.java:98   | GRID
2026-03-14 20:24:42,923 INFO [d86b142c2864_Love_Never_Leaves_EPRINT-Octavo#8]       LinesRetriever.java:1500 | Global slope: 0.00000
2026-03-14 20:24:42,930 INFO [d86b142c2864_Love_Never_Leaves_EPRINT-Octavo#8]    ClustersRetriever.java:326  | Retrieved raw line clusters: 12 of sizes [5] with interline(17,18,18)
2026-03-14 20:24:42,970 INFO [d86b142c2864_Love_Never_Leaves_EPRINT-Octavo#8]            PeakGraph.java:310  | Systems: #1[1, 2, 3, 4, 5, 6] #2[7, 8, 9, 10, 11, 12]
2026-03-14 20:24:42,977 INFO [d86b142c2864_Love_Never_Leaves_EPRINT-Octavo#8]        BarsRetriever.java:1305 | System#1
2026-03-14 20:24:42,977 INFO [d86b142c2864_Love_Never_Leaves_EPRINT-Octavo#8]        BarsRetriever.java:1308 |    PartGroup{bracket number:1 barline:false staves:1-4}
2026-03-14 20:24:42,977 INFO [d86b142c2864_Love_Never_Leaves_EPRINT-Octavo#8]        BarsRetriever.java:1305 | System#2
2026-03-14 20:24:42,977 INFO [d86b142c2864_Love_Never_Leaves_EPRINT-Octavo#8]        BarsRetriever.java:1308 |    PartGroup{bracket number:1 barline:false staves:7-10}
2026-03-14 20:24:43,117 INFO [d86b142c2864_Love_Never_Leaves_EPRINT-Octavo#8]        SystemManager.java:779  | 5 parts along 2 systems
2026-03-14 20:24:43,117 INFO [d86b142c2864_Love_Never_Leaves_EPRINT-Octavo#8]       StepMonitoring.java:98   | HEADERS
2026-03-14 20:24:43,267 INFO [d86b142c2864_Love_Never_Leaves_EPRINT-Octavo#8]       StepMonitoring.java:98   | STEM_SEEDS
2026-03-14 20:24:43,289 INFO [d86b142c2864_Love_Never_Leaves_EPRINT-Octavo#8]        StemSeedsStep.java:86   | stem(2 max:3)
2026-03-14 20:24:43,296 INFO [d86b142c2864_Love_Never_Leaves_EPRINT-Octavo#8]       StepMonitoring.java:98   | BEAMS
2026-03-14 20:24:45,295 INFO [d86b142c2864_Love_Never_Leaves_EPRINT-Octavo#8]       StepMonitoring.java:98   | LEDGERS
2026-03-14 20:24:45,442 INFO [d86b142c2864_Love_Never_Leaves_EPRINT-Octavo#8]       StepMonitoring.java:98   | HEADS
2026-03-14 20:24:48,356 INFO [d86b142c2864_Love_Never_Leaves_EPRINT-Octavo#8]        HeadSeedTally.java:235  | Scale information: HeadSeeds{NOTEHEAD_VOID[L:-0.5,R:-0.7] NOTEHEAD_BLACK[L:-0.5,R:-0.7]}
2026-03-14 20:24:48,357 INFO [d86b142c2864_Love_Never_Leaves_EPRINT-Octavo#8]       StepMonitoring.java:98   | STEMS
2026-03-14 20:24:48,825 INFO [d86b142c2864_Love_Never_Leaves_EPRINT-Octavo#8]       StepMonitoring.java:98   | REDUCTION
2026-03-14 20:24:48,875 INFO [d86b142c2864_Love_Never_Leaves_EPRINT-Octavo#8]        ReductionStep.java:105  | Stems free length median value: 61 pixels, 3.4 interlines
2026-03-14 20:24:48,877 INFO [d86b142c2864_Love_Never_Leaves_EPRINT-Octavo#8]       StepMonitoring.java:98   | CUE_BEAMS
2026-03-14 20:24:48,877 INFO [d86b142c2864_Love_Never_Leaves_EPRINT-Octavo#8]         CueBeamsStep.java:81   | Step CUE_BEAMS is skipped because small heads switch is off
2026-03-14 20:24:48,877 INFO [d86b142c2864_Love_Never_Leaves_EPRINT-Octavo#8]       StepMonitoring.java:98   | TEXTS
2026-03-14 20:24:49,734 INFO [d86b142c2864_Love_Never_Leaves_EPRINT-Octavo#8]       StepMonitoring.java:98   | MEASURES
2026-03-14 20:24:49,735 INFO [d86b142c2864_Love_Never_Leaves_EPRINT-Octavo#8]                 Page.java:307  | 8 raw measures: [4 in system#1, 4 in system#2]
2026-03-14 20:24:49,735 INFO [d86b142c2864_Love_Never_Leaves_EPRINT-Octavo#8]       StepMonitoring.java:98   | CHORDS
2026-03-14 20:24:49,737 INFO [d86b142c2864_Love_Never_Leaves_EPRINT-Octavo#8]       StepMonitoring.java:98   | CURVES
2026-03-14 20:24:50,218 INFO [d86b142c2864_Love_Never_Leaves_EPRINT-Octavo#8]         SlursBuilder.java:240  | Slurs: 17
2026-03-14 20:24:50,225 INFO [d86b142c2864_Love_Never_Leaves_EPRINT-Octavo#8]      SegmentsBuilder.java:155  | Segments: 29
2026-03-14 20:24:50,363 INFO [d86b142c2864_Love_Never_Leaves_EPRINT-Octavo#8]    RehearsalsBuilder.java:229  | RehearsalInter#4980{(0.915) staff:7 mFont:BS-51 Rehearsal enclosure:java.awt.Rectangle[x=466,y=1497,width=49,height=65]}
2026-03-14 20:24:50,363 INFO [d86b142c2864_Love_Never_Leaves_EPRINT-Octavo#8]       StepMonitoring.java:98   | SYMBOLS
2026-03-14 20:24:50,816 INFO [d86b142c2864_Love_Never_Leaves_EPRINT-Octavo#8]       StepMonitoring.java:98   | LINKS
2026-03-14 20:24:50,831 INFO [d86b142c2864_Love_Never_Leaves_EPRINT-Octavo#8]        SymbolsLinker.java:258  | No chord linked to OctaveShiftInter#5391{(0.137) staff:8 OTTAVA BASSA} at java.awt.Point[x=1253,y=1965]
2026-03-14 20:24:50,832 INFO [d86b142c2864_Love_Never_Leaves_EPRINT-Octavo#8]        SymbolsLinker.java:258  | No chord linked to OctaveShiftInter#5443{(0.163) staff:7 OTTAVA BASSA} at java.awt.Point[x=1522,y=1742]
2026-03-14 20:24:50,832 INFO [d86b142c2864_Love_Never_Leaves_EPRINT-Octavo#8]        SymbolsLinker.java:258  | No chord linked to OctaveShiftInter#5453{(0.304) staff:8 OTTAVA BASSA} at java.awt.Point[x=1522,y=1969]
2026-03-14 20:24:50,832 INFO [d86b142c2864_Love_Never_Leaves_EPRINT-Octavo#8]        SymbolsLinker.java:258  | No chord linked to OctaveShiftInter#5463{(0.198) staff:9 OTTAVA BASSA} at java.awt.Point[x=1522,y=2198]
2026-03-14 20:24:50,843 INFO [d86b142c2864_Love_Never_Leaves_EPRINT-Octavo#8]       StepMonitoring.java:98   | RHYTHMS
2026-03-14 20:24:50,844 INFO [d86b142c2864_Love_Never_Leaves_EPRINT-Octavo#8]           PageRhythm.java:199  | {Page#8.1} Time value reused from sheet#6
2026-03-14 20:24:50,845 INFO [d86b142c2864_Love_Never_Leaves_EPRINT-Octavo#8]                Voice.java:257  | Measure{#1P5} Voice{#6 excess:1/4} too long
2026-03-14 20:24:50,845 INFO [d86b142c2864_Love_Never_Leaves_EPRINT-Octavo#8]                Voice.java:257  | Measure{#1P5} Voice{#2 excess:1/4} too long
2026-03-14 20:24:50,845 INFO [d86b142c2864_Love_Never_Leaves_EPRINT-Octavo#8]          StackRhythm.java:224  | S1 MeasureStack#1 no correct rhythm
2026-03-14 20:24:50,847 INFO [d86b142c2864_Love_Never_Leaves_EPRINT-Octavo#8]                Voice.java:257  | Measure{#3P5} Voice{#5 excess:1/8} too long
2026-03-14 20:24:50,847 INFO [d86b142c2864_Love_Never_Leaves_EPRINT-Octavo#8]                Voice.java:257  | Measure{#3P5} Voice{#2 excess:1/8} too long
2026-03-14 20:24:50,847 INFO [d86b142c2864_Love_Never_Leaves_EPRINT-Octavo#8]          StackRhythm.java:224  | S1 MeasureStack#3 no correct rhythm
2026-03-14 20:24:50,855 INFO [d86b142c2864_Love_Never_Leaves_EPRINT-Octavo#8]       StepMonitoring.java:98   | PAGE
2026-03-14 20:24:50,856 INFO [d86b142c2864_Love_Never_Leaves_EPRINT-Octavo#8]                Voice.java:257  | Measure{#1P5} Voice{#2 excess:1/4} too long
2026-03-14 20:24:50,857 INFO [d86b142c2864_Love_Never_Leaves_EPRINT-Octavo#8]                Voice.java:257  | Measure{#1P5} Voice{#6 excess:1/4} too long
2026-03-14 20:24:50,857 INFO [d86b142c2864_Love_Never_Leaves_EPRINT-Octavo#8]                Voice.java:257  | Measure{#3P5} Voice{#2 excess:1/8} too long
2026-03-14 20:24:50,857 INFO [d86b142c2864_Love_Never_Leaves_EPRINT-Octavo#8]                Voice.java:257  | Measure{#3P5} Voice{#5 excess:1/8} too long
2026-03-14 20:24:50,858 INFO [d86b142c2864_Love_Never_Leaves_EPRINT-Octavo#8]                 Book.java:2584 | Book{d86b142c2864_Love_Never_Leaves_EPRINT-Octavo} storing
2026-03-14 20:24:50,925 INFO [d86b142c2864_Love_Never_Leaves_EPRINT-Octavo#8]                 Book.java:2565 | Stored /book.xml
2026-03-14 20:24:51,017 INFO [d86b142c2864_Love_Never_Leaves_EPRINT-Octavo#8]           DataHolder.java:348  | Stored /sheet#8/BINARY.png
2026-03-14 20:24:51,501 INFO [d86b142c2864_Love_Never_Leaves_EPRINT-Octavo#8]                Sheet.java:1583 | Stored /sheet#8/sheet#8.xml
2026-03-14 20:24:51,502 INFO [d86b142c2864_Love_Never_Leaves_EPRINT-Octavo#8]                 Book.java:2525 | Book stored as C:\Users\llama\OneDrive\Documents\orchestra\outputs\ffd56ae2080d\omr_out\d86b142c2864_Love_Never_Leaves_EPRINT-Octavo.omr
2026-03-14 20:24:51,512 INFO [d86b142c2864_Love_Never_Leaves_EPRINT-Octavo#8]            SheetStub.java:1654 | Sheet#8 disposed
2026-03-14 20:24:51,540 INFO [d86b142c2864_Love_Never_Leaves_EPRINT-Octavo#8]                 Book.java:2050 | End of Stub#8
2026-03-14 20:24:51,541 INFO [d86b142c2864_Love_Never_Leaves_EPRINT-Octavo#9]       StepMonitoring.java:98   | LOAD
2026-03-14 20:24:52,231 INFO [d86b142c2864_Love_Never_Leaves_EPRINT-Octavo#9]            SheetStub.java:1278 | Loaded image #9 2550x3299 from C:\Users\llama\OneDrive\Documents\orchestra\uploads\d86b142c2864_Love_Never_Leaves_EPRINT-Octavo.pdf
2026-03-14 20:24:52,231 INFO [d86b142c2864_Love_Never_Leaves_EPRINT-Octavo#9]       StepMonitoring.java:98   | BINARY
2026-03-14 20:24:52,684 INFO [d86b142c2864_Love_Never_Leaves_EPRINT-Octavo#9]       StepMonitoring.java:98   | SCALE
2026-03-14 20:24:52,686 INFO [d86b142c2864_Love_Never_Leaves_EPRINT-Octavo#9]         ScaleBuilder.java:241  | Beam  guessed height:  8 -- 0.50 of 16 interline
2026-03-14 20:24:52,686 INFO [d86b142c2864_Love_Never_Leaves_EPRINT-Octavo#9]         ScaleBuilder.java:264  | Beam measured height: 10 -- 0.45 of [5..16] range at 116% of needed quorum
2026-03-14 20:24:52,686 INFO [d86b142c2864_Love_Never_Leaves_EPRINT-Octavo#9]         ScaleBuilder.java:392  | Normalized black jitter: 5.88 %
2026-03-14 20:24:52,686 INFO [d86b142c2864_Love_Never_Leaves_EPRINT-Octavo#9]            ScaleStep.java:65   | Scale{ interline(17,17,18) line(2,2,3) beam(10)}
2026-03-14 20:24:52,687 INFO [d86b142c2864_Love_Never_Leaves_EPRINT-Octavo#9]       StepMonitoring.java:98   | GRID
2026-03-14 20:24:52,768 INFO [d86b142c2864_Love_Never_Leaves_EPRINT-Octavo#9]       LinesRetriever.java:1500 | Global slope: 0.00000
2026-03-14 20:24:52,775 INFO [d86b142c2864_Love_Never_Leaves_EPRINT-Octavo#9]    ClustersRetriever.java:326  | Retrieved raw line clusters: 12 of sizes [5] with interline(17,17,18)
2026-03-14 20:24:52,814 INFO [d86b142c2864_Love_Never_Leaves_EPRINT-Octavo#9]            PeakGraph.java:310  | Systems: #1[1, 2, 3, 4, 5, 6] #2[7, 8, 9, 10, 11, 12]
2026-03-14 20:24:52,820 INFO [d86b142c2864_Love_Never_Leaves_EPRINT-Octavo#9]        BarsRetriever.java:1305 | System#1
2026-03-14 20:24:52,820 INFO [d86b142c2864_Love_Never_Leaves_EPRINT-Octavo#9]        BarsRetriever.java:1308 |    PartGroup{bracket number:1 barline:false staves:1-4}
2026-03-14 20:24:52,821 INFO [d86b142c2864_Love_Never_Leaves_EPRINT-Octavo#9]        BarsRetriever.java:1305 | System#2
2026-03-14 20:24:52,821 INFO [d86b142c2864_Love_Never_Leaves_EPRINT-Octavo#9]        BarsRetriever.java:1308 |    PartGroup{bracket number:1 barline:false staves:7-10}
2026-03-14 20:24:52,951 INFO [d86b142c2864_Love_Never_Leaves_EPRINT-Octavo#9]        SystemManager.java:779  | 5 parts along 2 systems
2026-03-14 20:24:52,951 INFO [d86b142c2864_Love_Never_Leaves_EPRINT-Octavo#9]       StepMonitoring.java:98   | HEADERS
2026-03-14 20:24:53,098 INFO [d86b142c2864_Love_Never_Leaves_EPRINT-Octavo#9]       StepMonitoring.java:98   | STEM_SEEDS
2026-03-14 20:24:53,128 INFO [d86b142c2864_Love_Never_Leaves_EPRINT-Octavo#9]        StemSeedsStep.java:86   | stem(2 max:4)
2026-03-14 20:24:53,135 INFO [d86b142c2864_Love_Never_Leaves_EPRINT-Octavo#9]       StepMonitoring.java:98   | BEAMS
2026-03-14 20:24:55,058 INFO [d86b142c2864_Love_Never_Leaves_EPRINT-Octavo#9]       StepMonitoring.java:98   | LEDGERS
2026-03-14 20:24:55,117 INFO [d86b142c2864_Love_Never_Leaves_EPRINT-Octavo#9]       StepMonitoring.java:98   | HEADS
2026-03-14 20:24:57,930 INFO [d86b142c2864_Love_Never_Leaves_EPRINT-Octavo#9]        HeadSeedTally.java:235  | Scale information: HeadSeeds{NOTEHEAD_VOID[L:0.4,R:-1.7] NOTEHEAD_BLACK[L:0.1,R:-0.5]}
2026-03-14 20:24:57,931 INFO [d86b142c2864_Love_Never_Leaves_EPRINT-Octavo#9]       StepMonitoring.java:98   | STEMS
2026-03-14 20:24:58,293 INFO [d86b142c2864_Love_Never_Leaves_EPRINT-Octavo#9]       StepMonitoring.java:98   | REDUCTION
2026-03-14 20:24:58,330 INFO [d86b142c2864_Love_Never_Leaves_EPRINT-Octavo#9]        ReductionStep.java:105  | Stems free length median value: 62 pixels, 3.6 interlines
2026-03-14 20:24:58,331 INFO [d86b142c2864_Love_Never_Leaves_EPRINT-Octavo#9]       StepMonitoring.java:98   | CUE_BEAMS
2026-03-14 20:24:58,331 INFO [d86b142c2864_Love_Never_Leaves_EPRINT-Octavo#9]         CueBeamsStep.java:81   | Step CUE_BEAMS is skipped because small heads switch is off
2026-03-14 20:24:58,332 INFO [d86b142c2864_Love_Never_Leaves_EPRINT-Octavo#9]       StepMonitoring.java:98   | TEXTS
2026-03-14 20:24:59,421 INFO [d86b142c2864_Love_Never_Leaves_EPRINT-Octavo#9]       StepMonitoring.java:98   | MEASURES
2026-03-14 20:24:59,422 INFO [d86b142c2864_Love_Never_Leaves_EPRINT-Octavo#9]                 Page.java:307  | 8 raw measures: [4 in system#1, 4 in system#2]
2026-03-14 20:24:59,422 INFO [d86b142c2864_Love_Never_Leaves_EPRINT-Octavo#9]       StepMonitoring.java:98   | CHORDS
2026-03-14 20:24:59,425 INFO [d86b142c2864_Love_Never_Leaves_EPRINT-Octavo#9]       StepMonitoring.java:98   | CURVES
2026-03-14 20:24:59,832 INFO [d86b142c2864_Love_Never_Leaves_EPRINT-Octavo#9]         SlursBuilder.java:240  | Slurs: 11
2026-03-14 20:24:59,838 INFO [d86b142c2864_Love_Never_Leaves_EPRINT-Octavo#9]      SegmentsBuilder.java:155  | Segments: 28
2026-03-14 20:24:59,842 INFO [d86b142c2864_Love_Never_Leaves_EPRINT-Octavo#9]       StepMonitoring.java:98   | SYMBOLS
2026-03-14 20:25:00,195 INFO [d86b142c2864_Love_Never_Leaves_EPRINT-Octavo#9]       StepMonitoring.java:98   | LINKS
2026-03-14 20:25:00,232 INFO [d86b142c2864_Love_Never_Leaves_EPRINT-Octavo#9]       StepMonitoring.java:98   | RHYTHMS
2026-03-14 20:25:00,233 INFO [d86b142c2864_Love_Never_Leaves_EPRINT-Octavo#9]           PageRhythm.java:199  | {Page#9.1} Time value reused from sheet#6
2026-03-14 20:25:00,246 INFO [d86b142c2864_Love_Never_Leaves_EPRINT-Octavo#9]       StepMonitoring.java:98   | PAGE
2026-03-14 20:25:00,247 INFO [d86b142c2864_Love_Never_Leaves_EPRINT-Octavo#9]                 Book.java:2584 | Book{d86b142c2864_Love_Never_Leaves_EPRINT-Octavo} storing
2026-03-14 20:25:00,313 INFO [d86b142c2864_Love_Never_Leaves_EPRINT-Octavo#9]                 Book.java:2565 | Stored /book.xml
2026-03-14 20:25:00,407 INFO [d86b142c2864_Love_Never_Leaves_EPRINT-Octavo#9]           DataHolder.java:348  | Stored /sheet#9/BINARY.png
2026-03-14 20:25:00,882 INFO [d86b142c2864_Love_Never_Leaves_EPRINT-Octavo#9]                Sheet.java:1583 | Stored /sheet#9/sheet#9.xml
2026-03-14 20:25:00,882 INFO [d86b142c2864_Love_Never_Leaves_EPRINT-Octavo#9]                 Book.java:2525 | Book stored as C:\Users\llama\OneDrive\Documents\orchestra\outputs\ffd56ae2080d\omr_out\d86b142c2864_Love_Never_Leaves_EPRINT-Octavo.omr
2026-03-14 20:25:00,894 INFO [d86b142c2864_Love_Never_Leaves_EPRINT-Octavo#9]            SheetStub.java:1654 | Sheet#9 disposed
2026-03-14 20:25:00,917 INFO [d86b142c2864_Love_Never_Leaves_EPRINT-Octavo#9]                 Book.java:2050 | End of Stub#9
2026-03-14 20:25:00,917 INFO [d86b142c2864_Love_Never_Leaves_EPRINT-Octavo#10]       StepMonitoring.java:98   | LOAD
2026-03-14 20:25:01,633 INFO [d86b142c2864_Love_Never_Leaves_EPRINT-Octavo#10]            SheetStub.java:1278 | Loaded image #10 2550x3299 from C:\Users\llama\OneDrive\Documents\orchestra\uploads\d86b142c2864_Love_Never_Leaves_EPRINT-Octavo.pdf
2026-03-14 20:25:01,633 INFO [d86b142c2864_Love_Never_Leaves_EPRINT-Octavo#10]       StepMonitoring.java:98   | BINARY
2026-03-14 20:25:02,046 INFO [d86b142c2864_Love_Never_Leaves_EPRINT-Octavo#10]       StepMonitoring.java:98   | SCALE
2026-03-14 20:25:02,048 INFO [d86b142c2864_Love_Never_Leaves_EPRINT-Octavo#10]         ScaleBuilder.java:241  | Beam  guessed height:  8 -- 0.50 of 16 interline
2026-03-14 20:25:02,049 INFO [d86b142c2864_Love_Never_Leaves_EPRINT-Octavo#10]         ScaleBuilder.java:264  | Beam measured height: 10 -- 0.45 of [5..16] range at 116% of needed quorum
2026-03-14 20:25:02,049 INFO [d86b142c2864_Love_Never_Leaves_EPRINT-Octavo#10]         ScaleBuilder.java:392  | Normalized black jitter: 11.76 %
2026-03-14 20:25:02,049 INFO [d86b142c2864_Love_Never_Leaves_EPRINT-Octavo#10]            ScaleStep.java:65   | Scale{ interline(17,17,18) line(2,2,4) beam(10)}
2026-03-14 20:25:02,049 INFO [d86b142c2864_Love_Never_Leaves_EPRINT-Octavo#10]       StepMonitoring.java:98   | GRID
2026-03-14 20:25:02,144 INFO [d86b142c2864_Love_Never_Leaves_EPRINT-Octavo#10]       LinesRetriever.java:1500 | Global slope: 0.00000
2026-03-14 20:25:02,153 INFO [d86b142c2864_Love_Never_Leaves_EPRINT-Octavo#10]    ClustersRetriever.java:326  | Retrieved raw line clusters: 12 of sizes [5] with interline(17,17,18)
2026-03-14 20:25:02,190 INFO [d86b142c2864_Love_Never_Leaves_EPRINT-Octavo#10]            PeakGraph.java:310  | Systems: #1[1, 2, 3, 4, 5, 6] #2[7, 8, 9, 10, 11, 12]
2026-03-14 20:25:02,197 INFO [d86b142c2864_Love_Never_Leaves_EPRINT-Octavo#10]        BarsRetriever.java:1305 | System#1
2026-03-14 20:25:02,197 INFO [d86b142c2864_Love_Never_Leaves_EPRINT-Octavo#10]        BarsRetriever.java:1308 |    PartGroup{bracket number:1 barline:false staves:1-4}
2026-03-14 20:25:02,197 INFO [d86b142c2864_Love_Never_Leaves_EPRINT-Octavo#10]        BarsRetriever.java:1305 | System#2
2026-03-14 20:25:02,197 INFO [d86b142c2864_Love_Never_Leaves_EPRINT-Octavo#10]        BarsRetriever.java:1308 |    PartGroup{bracket number:1 barline:false staves:7-10}
2026-03-14 20:25:02,359 INFO [d86b142c2864_Love_Never_Leaves_EPRINT-Octavo#10]        SystemManager.java:779  | 5 parts along 2 systems
2026-03-14 20:25:02,359 INFO [d86b142c2864_Love_Never_Leaves_EPRINT-Octavo#10]       StepMonitoring.java:98   | HEADERS
2026-03-14 20:25:02,653 INFO [d86b142c2864_Love_Never_Leaves_EPRINT-Octavo#10]       StepMonitoring.java:98   | STEM_SEEDS
2026-03-14 20:25:02,680 INFO [d86b142c2864_Love_Never_Leaves_EPRINT-Octavo#10]        StemSeedsStep.java:86   | stem(2 max:4)
2026-03-14 20:25:02,685 INFO [d86b142c2864_Love_Never_Leaves_EPRINT-Octavo#10]       StepMonitoring.java:98   | BEAMS
2026-03-14 20:25:05,114 INFO [d86b142c2864_Love_Never_Leaves_EPRINT-Octavo#10]       StepMonitoring.java:98   | LEDGERS
2026-03-14 20:25:05,226 INFO [d86b142c2864_Love_Never_Leaves_EPRINT-Octavo#10]       StepMonitoring.java:98   | HEADS
2026-03-14 20:25:08,124 INFO [d86b142c2864_Love_Never_Leaves_EPRINT-Octavo#10]        HeadSeedTally.java:235  | Scale information: HeadSeeds{NOTEHEAD_VOID[L:0.3,R:-0.5] NOTEHEAD_BLACK[L:0.4,R:-0.7]}
2026-03-14 20:25:08,124 INFO [d86b142c2864_Love_Never_Leaves_EPRINT-Octavo#10]       StepMonitoring.java:98   | STEMS
2026-03-14 20:25:08,444 INFO [d86b142c2864_Love_Never_Leaves_EPRINT-Octavo#10]       StepMonitoring.java:98   | REDUCTION
2026-03-14 20:25:08,465 INFO [d86b142c2864_Love_Never_Leaves_EPRINT-Octavo#10]        ReductionStep.java:105  | Stems free length median value: 62 pixels, 3.6 interlines
2026-03-14 20:25:08,466 INFO [d86b142c2864_Love_Never_Leaves_EPRINT-Octavo#10]       StepMonitoring.java:98   | CUE_BEAMS
2026-03-14 20:25:08,466 INFO [d86b142c2864_Love_Never_Leaves_EPRINT-Octavo#10]         CueBeamsStep.java:81   | Step CUE_BEAMS is skipped because small heads switch is off
2026-03-14 20:25:08,467 INFO [d86b142c2864_Love_Never_Leaves_EPRINT-Octavo#10]       StepMonitoring.java:98   | TEXTS
2026-03-14 20:25:09,066 INFO [d86b142c2864_Love_Never_Leaves_EPRINT-Octavo#10]       StepMonitoring.java:98   | MEASURES
2026-03-14 20:25:09,066 INFO [d86b142c2864_Love_Never_Leaves_EPRINT-Octavo#10]                 Page.java:307  | 8 raw measures: [5 in system#1, 3 in system#2]
2026-03-14 20:25:09,067 INFO [d86b142c2864_Love_Never_Leaves_EPRINT-Octavo#10]       StepMonitoring.java:98   | CHORDS
2026-03-14 20:25:09,069 INFO [d86b142c2864_Love_Never_Leaves_EPRINT-Octavo#10]       StepMonitoring.java:98   | CURVES
2026-03-14 20:25:09,472 INFO [d86b142c2864_Love_Never_Leaves_EPRINT-Octavo#10]         SlursBuilder.java:240  | Slurs: 23
2026-03-14 20:25:09,487 INFO [d86b142c2864_Love_Never_Leaves_EPRINT-Octavo#10]      SegmentsBuilder.java:155  | Segments: 28
2026-03-14 20:25:09,495 INFO [d86b142c2864_Love_Never_Leaves_EPRINT-Octavo#10]       StepMonitoring.java:98   | SYMBOLS
2026-03-14 20:25:09,795 INFO [d86b142c2864_Love_Never_Leaves_EPRINT-Octavo#10]       StepMonitoring.java:98   | LINKS
2026-03-14 20:25:09,832 INFO [d86b142c2864_Love_Never_Leaves_EPRINT-Octavo#10]       StepMonitoring.java:98   | RHYTHMS
2026-03-14 20:25:09,833 INFO [d86b142c2864_Love_Never_Leaves_EPRINT-Octavo#10]           PageRhythm.java:199  | {Page#10.1} Time value reused from sheet#6
2026-03-14 20:25:09,836 INFO [d86b142c2864_Love_Never_Leaves_EPRINT-Octavo#10]                Voice.java:257  | Measure{#1P5} Voice{#6 excess:1/4} too long
2026-03-14 20:25:09,836 INFO [d86b142c2864_Love_Never_Leaves_EPRINT-Octavo#10]                Voice.java:257  | Measure{#1P5} Voice{#2 excess:1/4} too long
2026-03-14 20:25:09,837 INFO [d86b142c2864_Love_Never_Leaves_EPRINT-Octavo#10]          StackRhythm.java:224  | S1 MeasureStack#1 no correct rhythm
2026-03-14 20:25:09,842 INFO [d86b142c2864_Love_Never_Leaves_EPRINT-Octavo#10]                Voice.java:257  | Measure{#6P5} Voice{#5 excess:3/8} too long
2026-03-14 20:25:09,843 INFO [d86b142c2864_Love_Never_Leaves_EPRINT-Octavo#10]                Voice.java:257  | Measure{#6P5} Voice{#6 excess:1/8} too long
2026-03-14 20:25:09,843 INFO [d86b142c2864_Love_Never_Leaves_EPRINT-Octavo#10]                Voice.java:257  | Measure{#6P5} Voice{#7 excess:3/8} too long
2026-03-14 20:25:09,843 INFO [d86b142c2864_Love_Never_Leaves_EPRINT-Octavo#10]          StackRhythm.java:224  | S2 MeasureStack#6 no correct rhythm
2026-03-14 20:25:09,846 INFO [d86b142c2864_Love_Never_Leaves_EPRINT-Octavo#10]                Voice.java:257  | Measure{#8P5} Voice{#5 excess:3/8} too long
2026-03-14 20:25:09,846 INFO [d86b142c2864_Love_Never_Leaves_EPRINT-Octavo#10]                Voice.java:257  | Measure{#8P5} Voice{#6 excess:1/8} too long
2026-03-14 20:25:09,846 INFO [d86b142c2864_Love_Never_Leaves_EPRINT-Octavo#10]                Voice.java:257  | Measure{#8P5} Voice{#7 excess:3/8} too long
2026-03-14 20:25:09,846 INFO [d86b142c2864_Love_Never_Leaves_EPRINT-Octavo#10]          StackRhythm.java:224  | S2 MeasureStack#8 no correct rhythm
2026-03-14 20:25:09,846 INFO [d86b142c2864_Love_Never_Leaves_EPRINT-Octavo#10]       StepMonitoring.java:98   | PAGE
2026-03-14 20:25:09,848 INFO [d86b142c2864_Love_Never_Leaves_EPRINT-Octavo#10]                Voice.java:257  | Measure{#1P5} Voice{#2 excess:1/4} too long
2026-03-14 20:25:09,848 INFO [d86b142c2864_Love_Never_Leaves_EPRINT-Octavo#10]                Voice.java:257  | Measure{#1P5} Voice{#6 excess:1/4} too long
2026-03-14 20:25:09,848 INFO [d86b142c2864_Love_Never_Leaves_EPRINT-Octavo#10]                Voice.java:257  | Measure{#6P5} Voice{#5 excess:3/8} too long
2026-03-14 20:25:09,849 INFO [d86b142c2864_Love_Never_Leaves_EPRINT-Octavo#10]                Voice.java:257  | Measure{#6P5} Voice{#6 excess:1/8} too long
2026-03-14 20:25:09,849 INFO [d86b142c2864_Love_Never_Leaves_EPRINT-Octavo#10]                Voice.java:257  | Measure{#6P5} Voice{#7 excess:3/8} too long
2026-03-14 20:25:09,849 INFO [d86b142c2864_Love_Never_Leaves_EPRINT-Octavo#10]                Voice.java:257  | Measure{#8P5} Voice{#5 excess:3/8} too long
2026-03-14 20:25:09,849 INFO [d86b142c2864_Love_Never_Leaves_EPRINT-Octavo#10]                Voice.java:257  | Measure{#8P5} Voice{#6 excess:1/8} too long
2026-03-14 20:25:09,849 INFO [d86b142c2864_Love_Never_Leaves_EPRINT-Octavo#10]                Voice.java:257  | Measure{#8P5} Voice{#7 excess:3/8} too long
2026-03-14 20:25:09,849 INFO [d86b142c2864_Love_Never_Leaves_EPRINT-Octavo#10]                 Book.java:2584 | Book{d86b142c2864_Love_Never_Leaves_EPRINT-Octavo} storing
2026-03-14 20:25:09,923 INFO [d86b142c2864_Love_Never_Leaves_EPRINT-Octavo#10]                 Book.java:2565 | Stored /book.xml
2026-03-14 20:25:10,000 INFO [d86b142c2864_Love_Never_Leaves_EPRINT-Octavo#10]           DataHolder.java:348  | Stored /sheet#10/BINARY.png
2026-03-14 20:25:10,492 INFO [d86b142c2864_Love_Never_Leaves_EPRINT-Octavo#10]                Sheet.java:1583 | Stored /sheet#10/sheet#10.xml
2026-03-14 20:25:10,492 INFO [d86b142c2864_Love_Never_Leaves_EPRINT-Octavo#10]                 Book.java:2525 | Book stored as C:\Users\llama\OneDrive\Documents\orchestra\outputs\ffd56ae2080d\omr_out\d86b142c2864_Love_Never_Leaves_EPRINT-Octavo.omr
2026-03-14 20:25:10,508 INFO [d86b142c2864_Love_Never_Leaves_EPRINT-Octavo#10]            SheetStub.java:1654 | Sheet#10 disposed
2026-03-14 20:25:10,534 INFO [d86b142c2864_Love_Never_Leaves_EPRINT-Octavo#10]                 Book.java:2050 | End of Stub#10
2026-03-14 20:25:10,535 INFO [d86b142c2864_Love_Never_Leaves_EPRINT-Octavo#11]       StepMonitoring.java:98   | LOAD
2026-03-14 20:25:11,251 INFO [d86b142c2864_Love_Never_Leaves_EPRINT-Octavo#11]            SheetStub.java:1278 | Loaded image #11 2550x3299 from C:\Users\llama\OneDrive\Documents\orchestra\uploads\d86b142c2864_Love_Never_Leaves_EPRINT-Octavo.pdf
2026-03-14 20:25:11,251 INFO [d86b142c2864_Love_Never_Leaves_EPRINT-Octavo#11]       StepMonitoring.java:98   | BINARY
2026-03-14 20:25:11,685 INFO [d86b142c2864_Love_Never_Leaves_EPRINT-Octavo#11]       StepMonitoring.java:98   | SCALE
2026-03-14 20:25:11,687 INFO [d86b142c2864_Love_Never_Leaves_EPRINT-Octavo#11]         ScaleBuilder.java:241  | Beam  guessed height:  8 -- 0.50 of 17 interline
2026-03-14 20:25:11,687 INFO [d86b142c2864_Love_Never_Leaves_EPRINT-Octavo#11]         ScaleBuilder.java:264  | Beam measured height: 10 -- 0.42 of [5..17] range at 186% of needed quorum
2026-03-14 20:25:11,687 INFO [d86b142c2864_Love_Never_Leaves_EPRINT-Octavo#11]         ScaleBuilder.java:392  | Normalized black jitter: 11.11 %
2026-03-14 20:25:11,687 INFO [d86b142c2864_Love_Never_Leaves_EPRINT-Octavo#11]            ScaleStep.java:65   | Scale{ interline(17,18,18) line(2,2,4) beam(10)}
2026-03-14 20:25:11,687 INFO [d86b142c2864_Love_Never_Leaves_EPRINT-Octavo#11]       StepMonitoring.java:98   | GRID
2026-03-14 20:25:11,764 INFO [d86b142c2864_Love_Never_Leaves_EPRINT-Octavo#11]       LinesRetriever.java:1500 | Global slope: 0.00000
2026-03-14 20:25:11,771 INFO [d86b142c2864_Love_Never_Leaves_EPRINT-Octavo#11]    ClustersRetriever.java:326  | Retrieved raw line clusters: 12 of sizes [5] with interline(17,18,18)
2026-03-14 20:25:11,797 INFO [d86b142c2864_Love_Never_Leaves_EPRINT-Octavo#11]            PeakGraph.java:310  | Systems: #1[1, 2, 3, 4, 5, 6] #2[7, 8, 9, 10, 11, 12]
2026-03-14 20:25:11,804 INFO [d86b142c2864_Love_Never_Leaves_EPRINT-Octavo#11]        BarsRetriever.java:1305 | System#1
2026-03-14 20:25:11,804 INFO [d86b142c2864_Love_Never_Leaves_EPRINT-Octavo#11]        BarsRetriever.java:1308 |    PartGroup{bracket number:1 barline:false staves:1-4}
2026-03-14 20:25:11,804 INFO [d86b142c2864_Love_Never_Leaves_EPRINT-Octavo#11]        BarsRetriever.java:1305 | System#2
2026-03-14 20:25:11,804 INFO [d86b142c2864_Love_Never_Leaves_EPRINT-Octavo#11]        BarsRetriever.java:1308 |    PartGroup{bracket number:1 barline:false staves:7-10}
2026-03-14 20:25:11,930 INFO [d86b142c2864_Love_Never_Leaves_EPRINT-Octavo#11]        SystemManager.java:779  | 5 parts along 2 systems
2026-03-14 20:25:11,930 INFO [d86b142c2864_Love_Never_Leaves_EPRINT-Octavo#11]       StepMonitoring.java:98   | HEADERS
2026-03-14 20:25:12,188 INFO [d86b142c2864_Love_Never_Leaves_EPRINT-Octavo#11]       StepMonitoring.java:98   | STEM_SEEDS
2026-03-14 20:25:12,214 INFO [d86b142c2864_Love_Never_Leaves_EPRINT-Octavo#11]        StemSeedsStep.java:86   | stem(2 max:4)
2026-03-14 20:25:12,220 INFO [d86b142c2864_Love_Never_Leaves_EPRINT-Octavo#11]       StepMonitoring.java:98   | BEAMS
2026-03-14 20:25:14,654 INFO [d86b142c2864_Love_Never_Leaves_EPRINT-Octavo#11]       StepMonitoring.java:98   | LEDGERS
2026-03-14 20:25:14,727 INFO [d86b142c2864_Love_Never_Leaves_EPRINT-Octavo#11]       StepMonitoring.java:98   | HEADS
2026-03-14 20:25:17,439 INFO [d86b142c2864_Love_Never_Leaves_EPRINT-Octavo#11]        HeadSeedTally.java:235  | Scale information: HeadSeeds{NOTEHEAD_VOID[L:0.3] NOTEHEAD_BLACK[L:0.5,R:0.4]}
2026-03-14 20:25:17,440 INFO [d86b142c2864_Love_Never_Leaves_EPRINT-Octavo#11]       StepMonitoring.java:98   | STEMS
2026-03-14 20:25:17,718 INFO [d86b142c2864_Love_Never_Leaves_EPRINT-Octavo#11]       StepMonitoring.java:98   | REDUCTION
2026-03-14 20:25:17,738 INFO [d86b142c2864_Love_Never_Leaves_EPRINT-Octavo#11]        ReductionStep.java:105  | Stems free length median value: 62 pixels, 3.4 interlines
2026-03-14 20:25:17,740 INFO [d86b142c2864_Love_Never_Leaves_EPRINT-Octavo#11]       StepMonitoring.java:98   | CUE_BEAMS
2026-03-14 20:25:17,740 INFO [d86b142c2864_Love_Never_Leaves_EPRINT-Octavo#11]         CueBeamsStep.java:81   | Step CUE_BEAMS is skipped because small heads switch is off
2026-03-14 20:25:17,741 INFO [d86b142c2864_Love_Never_Leaves_EPRINT-Octavo#11]       StepMonitoring.java:98   | TEXTS
2026-03-14 20:25:18,535 INFO [d86b142c2864_Love_Never_Leaves_EPRINT-Octavo#11]       StepMonitoring.java:98   | MEASURES
2026-03-14 20:25:18,536 INFO [d86b142c2864_Love_Never_Leaves_EPRINT-Octavo#11]                 Page.java:307  | 5 raw measures: [3 in system#1, 2 in system#2]
2026-03-14 20:25:18,536 INFO [d86b142c2864_Love_Never_Leaves_EPRINT-Octavo#11]       StepMonitoring.java:98   | CHORDS
2026-03-14 20:25:18,540 INFO [d86b142c2864_Love_Never_Leaves_EPRINT-Octavo#11]       StepMonitoring.java:98   | CURVES
2026-03-14 20:25:19,105 INFO [d86b142c2864_Love_Never_Leaves_EPRINT-Octavo#11]         SlursBuilder.java:240  | Slurs: 22
2026-03-14 20:25:19,113 INFO [d86b142c2864_Love_Never_Leaves_EPRINT-Octavo#11]      SegmentsBuilder.java:155  | Segments: 26
2026-03-14 20:25:19,119 INFO [d86b142c2864_Love_Never_Leaves_EPRINT-Octavo#11]       StepMonitoring.java:98   | SYMBOLS
2026-03-14 20:25:19,334 INFO [d86b142c2864_Love_Never_Leaves_EPRINT-Octavo#11]       StepMonitoring.java:98   | LINKS
2026-03-14 20:25:19,335 INFO [d86b142c2864_Love_Never_Leaves_EPRINT-Octavo#11]        SymbolsLinker.java:258  | No chord linked to OctaveShiftInter#3825{(0.183) staff:1 OTTAVA ALTA} at java.awt.Point[x=404,y=172]
2026-03-14 20:25:19,335 INFO [d86b142c2864_Love_Never_Leaves_EPRINT-Octavo#11]        SymbolsLinker.java:258  | No chord linked to OctaveShiftInter#3827{(0.516) staff:6 OTTAVA BASSA} at java.awt.Point[x=404,y=1471]
2026-03-14 20:25:19,339 INFO [d86b142c2864_Love_Never_Leaves_EPRINT-Octavo#11]        SymbolsLinker.java:258  | No chord linked to OctaveShiftInter#3861{(0.516) staff:7 OTTAVA ALTA} at java.awt.Point[x=404,y=1471]
2026-03-14 20:25:19,344 INFO [d86b142c2864_Love_Never_Leaves_EPRINT-Octavo#11]       StepMonitoring.java:98   | RHYTHMS
2026-03-14 20:25:19,344 INFO [d86b142c2864_Love_Never_Leaves_EPRINT-Octavo#11]           PageRhythm.java:199  | {Page#11.1} Time value reused from sheet#10
2026-03-14 20:25:19,346 INFO [d86b142c2864_Love_Never_Leaves_EPRINT-Octavo#11]                Voice.java:257  | Measure{#2P5} Voice{#5 excess:3/8} too long
2026-03-14 20:25:19,346 INFO [d86b142c2864_Love_Never_Leaves_EPRINT-Octavo#11]                Voice.java:257  | Measure{#2P5} Voice{#6 excess:1/8} too long
2026-03-14 20:25:19,346 INFO [d86b142c2864_Love_Never_Leaves_EPRINT-Octavo#11]                Voice.java:257  | Measure{#2P5} Voice{#7 excess:3/8} too long
2026-03-14 20:25:19,346 INFO [d86b142c2864_Love_Never_Leaves_EPRINT-Octavo#11]          StackRhythm.java:224  | S1 MeasureStack#2 no correct rhythm
2026-03-14 20:25:19,348 INFO [d86b142c2864_Love_Never_Leaves_EPRINT-Octavo#11]                Voice.java:257  | Measure{#4P5} Voice{#5 excess:3/8} too long
2026-03-14 20:25:19,348 INFO [d86b142c2864_Love_Never_Leaves_EPRINT-Octavo#11]                Voice.java:257  | Measure{#4P5} Voice{#6 excess:1/8} too long
2026-03-14 20:25:19,348 INFO [d86b142c2864_Love_Never_Leaves_EPRINT-Octavo#11]                Voice.java:257  | Measure{#4P5} Voice{#7 excess:3/8} too long
2026-03-14 20:25:19,348 INFO [d86b142c2864_Love_Never_Leaves_EPRINT-Octavo#11]          StackRhythm.java:224  | S2 MeasureStack#4 no correct rhythm
2026-03-14 20:25:19,351 INFO [d86b142c2864_Love_Never_Leaves_EPRINT-Octavo#11]       StepMonitoring.java:98   | PAGE
2026-03-14 20:25:19,352 INFO [d86b142c2864_Love_Never_Leaves_EPRINT-Octavo#11]                Voice.java:257  | Measure{#2P5} Voice{#5 excess:3/8} too long
2026-03-14 20:25:19,352 INFO [d86b142c2864_Love_Never_Leaves_EPRINT-Octavo#11]                Voice.java:257  | Measure{#2P5} Voice{#6 excess:1/8} too long
2026-03-14 20:25:19,352 INFO [d86b142c2864_Love_Never_Leaves_EPRINT-Octavo#11]                Voice.java:257  | Measure{#2P5} Voice{#7 excess:3/8} too long
2026-03-14 20:25:19,352 INFO [d86b142c2864_Love_Never_Leaves_EPRINT-Octavo#11]                Voice.java:257  | Measure{#4P5} Voice{#5 excess:3/8} too long
2026-03-14 20:25:19,352 INFO [d86b142c2864_Love_Never_Leaves_EPRINT-Octavo#11]                Voice.java:257  | Measure{#4P5} Voice{#6 excess:1/8} too long
2026-03-14 20:25:19,352 INFO [d86b142c2864_Love_Never_Leaves_EPRINT-Octavo#11]                Voice.java:257  | Measure{#4P5} Voice{#7 excess:3/8} too long
2026-03-14 20:25:19,352 INFO [d86b142c2864_Love_Never_Leaves_EPRINT-Octavo#11]                 Book.java:2584 | Book{d86b142c2864_Love_Never_Leaves_EPRINT-Octavo} storing
2026-03-14 20:25:19,410 INFO [d86b142c2864_Love_Never_Leaves_EPRINT-Octavo#11]                 Book.java:2565 | Stored /book.xml
2026-03-14 20:25:19,493 INFO [d86b142c2864_Love_Never_Leaves_EPRINT-Octavo#11]           DataHolder.java:348  | Stored /sheet#11/BINARY.png
2026-03-14 20:25:19,908 INFO [d86b142c2864_Love_Never_Leaves_EPRINT-Octavo#11]                Sheet.java:1583 | Stored /sheet#11/sheet#11.xml
2026-03-14 20:25:19,908 INFO [d86b142c2864_Love_Never_Leaves_EPRINT-Octavo#11]                 Book.java:2525 | Book stored as C:\Users\llama\OneDrive\Documents\orchestra\outputs\ffd56ae2080d\omr_out\d86b142c2864_Love_Never_Leaves_EPRINT-Octavo.omr
2026-03-14 20:25:19,921 INFO [d86b142c2864_Love_Never_Leaves_EPRINT-Octavo#11]            SheetStub.java:1654 | Sheet#11 disposed
2026-03-14 20:25:19,948 INFO [d86b142c2864_Love_Never_Leaves_EPRINT-Octavo#11]                 Book.java:2050 | End of Stub#11
2026-03-14 20:25:19,949 INFO [d86b142c2864_Love_Never_Leaves_EPRINT-Octavo#12]       StepMonitoring.java:98   | LOAD
2026-03-14 20:25:20,698 INFO [d86b142c2864_Love_Never_Leaves_EPRINT-Octavo#12]            SheetStub.java:1278 | Loaded image #12 2550x3299 from C:\Users\llama\OneDrive\Documents\orchestra\uploads\d86b142c2864_Love_Never_Leaves_EPRINT-Octavo.pdf
2026-03-14 20:25:20,698 INFO [d86b142c2864_Love_Never_Leaves_EPRINT-Octavo#12]       StepMonitoring.java:98   | BINARY
2026-03-14 20:25:21,036 INFO [d86b142c2864_Love_Never_Leaves_EPRINT-Octavo#12]       StepMonitoring.java:98   | SCALE
2026-03-14 20:25:21,037 INFO [d86b142c2864_Love_Never_Leaves_EPRINT-Octavo#12]         ScaleBuilder.java:241  | Beam  guessed height:  8 -- 0.50 of 16 interline
2026-03-14 20:25:21,038 INFO [d86b142c2864_Love_Never_Leaves_EPRINT-Octavo#12]         ScaleBuilder.java:264  | Beam measured height: 11 -- 0.55 of [5..16] range at 149% of needed quorum
2026-03-14 20:25:21,038 INFO [d86b142c2864_Love_Never_Leaves_EPRINT-Octavo#12]         ScaleBuilder.java:392  | Normalized black jitter: 5.88 %
2026-03-14 20:25:21,038 INFO [d86b142c2864_Love_Never_Leaves_EPRINT-Octavo#12]            ScaleStep.java:65   | Scale{ interline(17,17,18) line(2,2,3) beam(11)}
2026-03-14 20:25:21,038 INFO [d86b142c2864_Love_Never_Leaves_EPRINT-Octavo#12]       StepMonitoring.java:98   | GRID
2026-03-14 20:25:21,123 INFO [d86b142c2864_Love_Never_Leaves_EPRINT-Octavo#12]       LinesRetriever.java:1500 | Global slope: 0.00000
2026-03-14 20:25:21,130 INFO [d86b142c2864_Love_Never_Leaves_EPRINT-Octavo#12]    ClustersRetriever.java:326  | Retrieved raw line clusters: 12 of sizes [5] with interline(17,17,18)
2026-03-14 20:25:21,182 INFO [d86b142c2864_Love_Never_Leaves_EPRINT-Octavo#12]            PeakGraph.java:310  | Systems: #1[1, 2, 3, 4, 5, 6] #2[7, 8, 9, 10, 11, 12]
2026-03-14 20:25:21,193 INFO [d86b142c2864_Love_Never_Leaves_EPRINT-Octavo#12]        BarsRetriever.java:1305 | System#1
2026-03-14 20:25:21,193 INFO [d86b142c2864_Love_Never_Leaves_EPRINT-Octavo#12]        BarsRetriever.java:1308 |    PartGroup{bracket number:1 barline:false staves:1-4}
2026-03-14 20:25:21,193 INFO [d86b142c2864_Love_Never_Leaves_EPRINT-Octavo#12]        BarsRetriever.java:1305 | System#2
2026-03-14 20:25:21,193 INFO [d86b142c2864_Love_Never_Leaves_EPRINT-Octavo#12]        BarsRetriever.java:1308 |    PartGroup{bracket number:1 barline:false staves:7-10}
2026-03-14 20:25:21,369 INFO [d86b142c2864_Love_Never_Leaves_EPRINT-Octavo#12]        SystemManager.java:779  | 5 parts along 2 systems
2026-03-14 20:25:21,370 INFO [d86b142c2864_Love_Never_Leaves_EPRINT-Octavo#12]       StepMonitoring.java:98   | HEADERS
2026-03-14 20:25:21,553 INFO [d86b142c2864_Love_Never_Leaves_EPRINT-Octavo#12]       StepMonitoring.java:98   | STEM_SEEDS
2026-03-14 20:25:21,579 INFO [d86b142c2864_Love_Never_Leaves_EPRINT-Octavo#12]        StemSeedsStep.java:86   | stem(2 max:4)
2026-03-14 20:25:21,590 INFO [d86b142c2864_Love_Never_Leaves_EPRINT-Octavo#12]       StepMonitoring.java:98   | BEAMS
2026-03-14 20:25:24,485 INFO [d86b142c2864_Love_Never_Leaves_EPRINT-Octavo#12]       StepMonitoring.java:98   | LEDGERS
2026-03-14 20:25:24,649 INFO [d86b142c2864_Love_Never_Leaves_EPRINT-Octavo#12]       StepMonitoring.java:98   | HEADS
2026-03-14 20:25:27,488 INFO [d86b142c2864_Love_Never_Leaves_EPRINT-Octavo#12]        HeadSeedTally.java:235  | Scale information: HeadSeeds{NOTEHEAD_VOID[R:-1.1] NOTEHEAD_BLACK[L:0.5,R:0.1]}
2026-03-14 20:25:27,488 INFO [d86b142c2864_Love_Never_Leaves_EPRINT-Octavo#12]       StepMonitoring.java:98   | STEMS
2026-03-14 20:25:28,556 INFO [d86b142c2864_Love_Never_Leaves_EPRINT-Octavo#12]       StepMonitoring.java:98   | REDUCTION
2026-03-14 20:25:28,655 INFO [d86b142c2864_Love_Never_Leaves_EPRINT-Octavo#12]        ReductionStep.java:105  | Stems free length median value: 62 pixels, 3.6 interlines
2026-03-14 20:25:28,658 INFO [d86b142c2864_Love_Never_Leaves_EPRINT-Octavo#12]       StepMonitoring.java:98   | CUE_BEAMS
2026-03-14 20:25:28,659 INFO [d86b142c2864_Love_Never_Leaves_EPRINT-Octavo#12]         CueBeamsStep.java:81   | Step CUE_BEAMS is skipped because small heads switch is off
2026-03-14 20:25:28,659 INFO [d86b142c2864_Love_Never_Leaves_EPRINT-Octavo#12]       StepMonitoring.java:98   | TEXTS
2026-03-14 20:25:29,931 INFO [d86b142c2864_Love_Never_Leaves_EPRINT-Octavo#12]       StepMonitoring.java:98   | MEASURES
2026-03-14 20:25:29,933 INFO [d86b142c2864_Love_Never_Leaves_EPRINT-Octavo#12]                 Page.java:307  | 6 raw measures: [3 in system#1, 3 in system#2]
2026-03-14 20:25:29,933 INFO [d86b142c2864_Love_Never_Leaves_EPRINT-Octavo#12]       StepMonitoring.java:98   | CHORDS
2026-03-14 20:25:29,938 INFO [d86b142c2864_Love_Never_Leaves_EPRINT-Octavo#12]       StepMonitoring.java:98   | CURVES
2026-03-14 20:25:30,566 INFO [d86b142c2864_Love_Never_Leaves_EPRINT-Octavo#12]         SlursBuilder.java:240  | Slurs: 21
2026-03-14 20:25:30,572 INFO [d86b142c2864_Love_Never_Leaves_EPRINT-Octavo#12]      SegmentsBuilder.java:155  | Segments: 31
2026-03-14 20:25:30,573 INFO [d86b142c2864_Love_Never_Leaves_EPRINT-Octavo#12]       StepMonitoring.java:98   | SYMBOLS
2026-03-14 20:25:31,204 INFO [d86b142c2864_Love_Never_Leaves_EPRINT-Octavo#12]       StepMonitoring.java:98   | LINKS
2026-03-14 20:25:31,229 INFO [d86b142c2864_Love_Never_Leaves_EPRINT-Octavo#12]       StepMonitoring.java:98   | RHYTHMS
2026-03-14 20:25:31,229 INFO [d86b142c2864_Love_Never_Leaves_EPRINT-Octavo#12]           PageRhythm.java:199  | {Page#12.1} Time value reused from sheet#10
2026-03-14 20:25:31,238 INFO [d86b142c2864_Love_Never_Leaves_EPRINT-Octavo#12]                Voice.java:257  | Measure{#6P5} Voice{#5 excess:1/8} too long
2026-03-14 20:25:31,238 INFO [d86b142c2864_Love_Never_Leaves_EPRINT-Octavo#12]          StackRhythm.java:224  | S2 MeasureStack#6 no correct rhythm
2026-03-14 20:25:31,238 INFO [d86b142c2864_Love_Never_Leaves_EPRINT-Octavo#12]       StepMonitoring.java:98   | PAGE
2026-03-14 20:25:31,240 INFO [d86b142c2864_Love_Never_Leaves_EPRINT-Octavo#12]                Voice.java:257  | Measure{#6P5} Voice{#5 excess:1/8} too long
2026-03-14 20:25:31,240 INFO [d86b142c2864_Love_Never_Leaves_EPRINT-Octavo#12]                 Book.java:2584 | Book{d86b142c2864_Love_Never_Leaves_EPRINT-Octavo} storing
2026-03-14 20:25:31,311 INFO [d86b142c2864_Love_Never_Leaves_EPRINT-Octavo#12]                 Book.java:2565 | Stored /book.xml
2026-03-14 20:25:31,391 INFO [d86b142c2864_Love_Never_Leaves_EPRINT-Octavo#12]           DataHolder.java:348  | Stored /sheet#12/BINARY.png
2026-03-14 20:25:32,000 INFO [d86b142c2864_Love_Never_Leaves_EPRINT-Octavo#12]                Sheet.java:1583 | Stored /sheet#12/sheet#12.xml
2026-03-14 20:25:32,000 INFO [d86b142c2864_Love_Never_Leaves_EPRINT-Octavo#12]                 Book.java:2525 | Book stored as C:\Users\llama\OneDrive\Documents\orchestra\outputs\ffd56ae2080d\omr_out\d86b142c2864_Love_Never_Leaves_EPRINT-Octavo.omr
2026-03-14 20:25:32,015 INFO [d86b142c2864_Love_Never_Leaves_EPRINT-Octavo#12]            SheetStub.java:1654 | Sheet#12 disposed
2026-03-14 20:25:32,046 INFO [d86b142c2864_Love_Never_Leaves_EPRINT-Octavo#12]                 Book.java:2050 | End of Stub#12
2026-03-14 20:25:32,046 INFO [d86b142c2864_Love_Never_Leaves_EPRINT-Octavo#13]       StepMonitoring.java:98   | LOAD
2026-03-14 20:25:32,730 INFO [d86b142c2864_Love_Never_Leaves_EPRINT-Octavo#13]            SheetStub.java:1278 | Loaded image #13 2550x3299 from C:\Users\llama\OneDrive\Documents\orchestra\uploads\d86b142c2864_Love_Never_Leaves_EPRINT-Octavo.pdf
2026-03-14 20:25:32,731 INFO [d86b142c2864_Love_Never_Leaves_EPRINT-Octavo#13]       StepMonitoring.java:98   | BINARY
2026-03-14 20:25:33,151 INFO [d86b142c2864_Love_Never_Leaves_EPRINT-Octavo#13]       StepMonitoring.java:98   | SCALE
2026-03-14 20:25:33,152 INFO [d86b142c2864_Love_Never_Leaves_EPRINT-Octavo#13]         ScaleBuilder.java:241  | Beam  guessed height:  8 -- 0.50 of 17 interline
2026-03-14 20:25:33,153 INFO [d86b142c2864_Love_Never_Leaves_EPRINT-Octavo#13]         ScaleBuilder.java:264  | Beam measured height: 10 -- 0.42 of [5..17] range at 134% of needed quorum
2026-03-14 20:25:33,153 INFO [d86b142c2864_Love_Never_Leaves_EPRINT-Octavo#13]         ScaleBuilder.java:392  | Normalized black jitter: 11.11 %
2026-03-14 20:25:33,153 INFO [d86b142c2864_Love_Never_Leaves_EPRINT-Octavo#13]            ScaleStep.java:65   | Scale{ interline(17,18,18) line(2,2,4) beam(10)}
2026-03-14 20:25:33,153 INFO [d86b142c2864_Love_Never_Leaves_EPRINT-Octavo#13]       StepMonitoring.java:98   | GRID
2026-03-14 20:25:33,252 INFO [d86b142c2864_Love_Never_Leaves_EPRINT-Octavo#13]       LinesRetriever.java:1500 | Global slope: 0.00000
2026-03-14 20:25:33,258 INFO [d86b142c2864_Love_Never_Leaves_EPRINT-Octavo#13]    ClustersRetriever.java:326  | Retrieved raw line clusters: 12 of sizes [5] with interline(17,18,18)
2026-03-14 20:25:33,306 INFO [d86b142c2864_Love_Never_Leaves_EPRINT-Octavo#13]            PeakGraph.java:310  | Systems: #1[1, 2, 3, 4, 5, 6] #2[7, 8, 9, 10, 11, 12]
2026-03-14 20:25:33,313 INFO [d86b142c2864_Love_Never_Leaves_EPRINT-Octavo#13]        BarsRetriever.java:1305 | System#1
2026-03-14 20:25:33,313 INFO [d86b142c2864_Love_Never_Leaves_EPRINT-Octavo#13]        BarsRetriever.java:1308 |    PartGroup{bracket number:1 barline:false staves:1-4}
2026-03-14 20:25:33,313 INFO [d86b142c2864_Love_Never_Leaves_EPRINT-Octavo#13]        BarsRetriever.java:1305 | System#2
2026-03-14 20:25:33,313 INFO [d86b142c2864_Love_Never_Leaves_EPRINT-Octavo#13]        BarsRetriever.java:1308 |    PartGroup{bracket number:1 barline:false staves:7-10}
2026-03-14 20:25:33,487 INFO [d86b142c2864_Love_Never_Leaves_EPRINT-Octavo#13]        SystemManager.java:779  | 5 parts along 2 systems
2026-03-14 20:25:33,487 INFO [d86b142c2864_Love_Never_Leaves_EPRINT-Octavo#13]       StepMonitoring.java:98   | HEADERS
2026-03-14 20:25:33,775 INFO [d86b142c2864_Love_Never_Leaves_EPRINT-Octavo#13]       StepMonitoring.java:98   | STEM_SEEDS
2026-03-14 20:25:33,800 INFO [d86b142c2864_Love_Never_Leaves_EPRINT-Octavo#13]        StemSeedsStep.java:86   | stem(2 max:3)
2026-03-14 20:25:33,805 INFO [d86b142c2864_Love_Never_Leaves_EPRINT-Octavo#13]       StepMonitoring.java:98   | BEAMS
2026-03-14 20:25:36,383 INFO [d86b142c2864_Love_Never_Leaves_EPRINT-Octavo#13]       StepMonitoring.java:98   | LEDGERS
2026-03-14 20:25:36,517 INFO [d86b142c2864_Love_Never_Leaves_EPRINT-Octavo#13]       StepMonitoring.java:98   | HEADS
2026-03-14 20:25:38,854 INFO [d86b142c2864_Love_Never_Leaves_EPRINT-Octavo#13]        HeadSeedTally.java:235  | Scale information: HeadSeeds{NOTEHEAD_VOID[R:-0.5] NOTEHEAD_BLACK[L:-0.5,R:-0.5]}
2026-03-14 20:25:38,855 INFO [d86b142c2864_Love_Never_Leaves_EPRINT-Octavo#13]       StepMonitoring.java:98   | STEMS
2026-03-14 20:25:39,082 INFO [d86b142c2864_Love_Never_Leaves_EPRINT-Octavo#13]       StepMonitoring.java:98   | REDUCTION
2026-03-14 20:25:39,112 INFO [d86b142c2864_Love_Never_Leaves_EPRINT-Octavo#13]        ReductionStep.java:105  | Stems free length median value: 62 pixels, 3.4 interlines
2026-03-14 20:25:39,114 INFO [d86b142c2864_Love_Never_Leaves_EPRINT-Octavo#13]       StepMonitoring.java:98   | CUE_BEAMS
2026-03-14 20:25:39,114 INFO [d86b142c2864_Love_Never_Leaves_EPRINT-Octavo#13]         CueBeamsStep.java:81   | Step CUE_BEAMS is skipped because small heads switch is off
2026-03-14 20:25:39,114 INFO [d86b142c2864_Love_Never_Leaves_EPRINT-Octavo#13]       StepMonitoring.java:98   | TEXTS
2026-03-14 20:25:40,317 INFO [d86b142c2864_Love_Never_Leaves_EPRINT-Octavo#13]       StepMonitoring.java:98   | MEASURES
2026-03-14 20:25:40,318 INFO [d86b142c2864_Love_Never_Leaves_EPRINT-Octavo#13]                 Page.java:307  | 6 raw measures: [3 in system#1, 3 in system#2]
2026-03-14 20:25:40,318 INFO [d86b142c2864_Love_Never_Leaves_EPRINT-Octavo#13]       StepMonitoring.java:98   | CHORDS
2026-03-14 20:25:40,322 INFO [d86b142c2864_Love_Never_Leaves_EPRINT-Octavo#13]       StepMonitoring.java:98   | CURVES
2026-03-14 20:25:40,812 INFO [d86b142c2864_Love_Never_Leaves_EPRINT-Octavo#13]         SlursBuilder.java:240  | Slurs: 17
2026-03-14 20:25:40,827 INFO [d86b142c2864_Love_Never_Leaves_EPRINT-Octavo#13]      SegmentsBuilder.java:155  | Segments: 35
2026-03-14 20:25:40,992 INFO [d86b142c2864_Love_Never_Leaves_EPRINT-Octavo#13]    RehearsalsBuilder.java:229  | RehearsalInter#4589{(0.975) staff:7 mFont:BS-50 Rehearsal enclosure:java.awt.Rectangle[x=983,y=1495,width=55,height=65]}
2026-03-14 20:25:40,993 INFO [d86b142c2864_Love_Never_Leaves_EPRINT-Octavo#13]       StepMonitoring.java:98   | SYMBOLS
2026-03-14 20:25:41,428 INFO [d86b142c2864_Love_Never_Leaves_EPRINT-Octavo#13]       StepMonitoring.java:98   | LINKS
2026-03-14 20:25:41,430 INFO [d86b142c2864_Love_Never_Leaves_EPRINT-Octavo#13]        SymbolsLinker.java:258  | No chord linked to OctaveShiftInter#4822{(0.642) staff:6 OTTAVA BASSA} at java.awt.Point[x=422,y=1532]
2026-03-14 20:25:41,443 INFO [d86b142c2864_Love_Never_Leaves_EPRINT-Octavo#13]        SymbolsLinker.java:258  | No chord linked to OctaveShiftInter#4922{(0.642) staff:7 OTTAVA ALTA} at java.awt.Point[x=422,y=1532]
2026-03-14 20:25:41,445 INFO [d86b142c2864_Love_Never_Leaves_EPRINT-Octavo#13]             KeyInter.java:1322 | Key built KeyInter#5088{(0.797) staff:7 KEY_CANCEL pitch:-4.0 fifths:null}
2026-03-14 20:25:41,446 INFO [d86b142c2864_Love_Never_Leaves_EPRINT-Octavo#13]             KeyInter.java:1322 | Key built KeyInter#5090{(0.799) staff:8 KEY_CANCEL pitch:-3.9 fifths:null}
2026-03-14 20:25:41,446 INFO [d86b142c2864_Love_Never_Leaves_EPRINT-Octavo#13]             KeyInter.java:1322 | Key built KeyInter#5092{(0.789) staff:9 KEY_CANCEL pitch:-4.1 fifths:null}
2026-03-14 20:25:41,446 INFO [d86b142c2864_Love_Never_Leaves_EPRINT-Octavo#13]             KeyInter.java:1322 | Key built KeyInter#5094{(0.797) staff:10 KEY_CANCEL pitch:-2.0 fifths:null}
2026-03-14 20:25:41,446 INFO [d86b142c2864_Love_Never_Leaves_EPRINT-Octavo#13]             KeyInter.java:1322 | Key built KeyInter#5096{(0.798) staff:11 KEY_CANCEL pitch:-4.1 fifths:null}
2026-03-14 20:25:41,446 INFO [d86b142c2864_Love_Never_Leaves_EPRINT-Octavo#13]             KeyInter.java:1322 | Key built KeyInter#5098{(0.798) staff:12 KEY_CANCEL pitch:-2.0 fifths:null}
2026-03-14 20:25:41,453 INFO [d86b142c2864_Love_Never_Leaves_EPRINT-Octavo#13]       StepMonitoring.java:98   | RHYTHMS
2026-03-14 20:25:41,453 INFO [d86b142c2864_Love_Never_Leaves_EPRINT-Octavo#13]           PageRhythm.java:199  | {Page#13.1} Time value reused from sheet#10
2026-03-14 20:25:41,462 INFO [d86b142c2864_Love_Never_Leaves_EPRINT-Octavo#13]       StepMonitoring.java:98   | PAGE
2026-03-14 20:25:41,464 INFO [d86b142c2864_Love_Never_Leaves_EPRINT-Octavo#13]                 Book.java:2584 | Book{d86b142c2864_Love_Never_Leaves_EPRINT-Octavo} storing
2026-03-14 20:25:41,535 INFO [d86b142c2864_Love_Never_Leaves_EPRINT-Octavo#13]                 Book.java:2565 | Stored /book.xml
2026-03-14 20:25:41,635 INFO [d86b142c2864_Love_Never_Leaves_EPRINT-Octavo#13]           DataHolder.java:348  | Stored /sheet#13/BINARY.png
2026-03-14 20:25:42,167 INFO [d86b142c2864_Love_Never_Leaves_EPRINT-Octavo#13]                Sheet.java:1583 | Stored /sheet#13/sheet#13.xml
2026-03-14 20:25:42,167 INFO [d86b142c2864_Love_Never_Leaves_EPRINT-Octavo#13]                 Book.java:2525 | Book stored as C:\Users\llama\OneDrive\Documents\orchestra\outputs\ffd56ae2080d\omr_out\d86b142c2864_Love_Never_Leaves_EPRINT-Octavo.omr
2026-03-14 20:25:42,189 INFO [d86b142c2864_Love_Never_Leaves_EPRINT-Octavo#13]            SheetStub.java:1654 | Sheet#13 disposed
2026-03-14 20:25:42,221 INFO [d86b142c2864_Love_Never_Leaves_EPRINT-Octavo#13]                 Book.java:2050 | End of Stub#13
2026-03-14 20:25:42,222 INFO [d86b142c2864_Love_Never_Leaves_EPRINT-Octavo#14]       StepMonitoring.java:98   | LOAD
2026-03-14 20:25:42,874 INFO [d86b142c2864_Love_Never_Leaves_EPRINT-Octavo#14]            SheetStub.java:1278 | Loaded image #14 2550x3299 from C:\Users\llama\OneDrive\Documents\orchestra\uploads\d86b142c2864_Love_Never_Leaves_EPRINT-Octavo.pdf
2026-03-14 20:25:42,875 INFO [d86b142c2864_Love_Never_Leaves_EPRINT-Octavo#14]       StepMonitoring.java:98   | BINARY
2026-03-14 20:25:43,343 INFO [d86b142c2864_Love_Never_Leaves_EPRINT-Octavo#14]       StepMonitoring.java:98   | SCALE
2026-03-14 20:25:43,344 INFO [d86b142c2864_Love_Never_Leaves_EPRINT-Octavo#14]         ScaleBuilder.java:241  | Beam  guessed height:  8 -- 0.50 of 17 interline
2026-03-14 20:25:43,344 INFO [d86b142c2864_Love_Never_Leaves_EPRINT-Octavo#14]         ScaleBuilder.java:264  | Beam measured height: 10 -- 0.42 of [5..17] range at 270% of needed quorum
2026-03-14 20:25:43,344 INFO [d86b142c2864_Love_Never_Leaves_EPRINT-Octavo#14]         ScaleBuilder.java:392  | Normalized black jitter: 11.11 %
2026-03-14 20:25:43,344 INFO [d86b142c2864_Love_Never_Leaves_EPRINT-Octavo#14]            ScaleStep.java:65   | Scale{ interline(17,18,18) line(2,2,4) beam(10)}
2026-03-14 20:25:43,344 INFO [d86b142c2864_Love_Never_Leaves_EPRINT-Octavo#14]       StepMonitoring.java:98   | GRID
2026-03-14 20:25:43,406 INFO [d86b142c2864_Love_Never_Leaves_EPRINT-Octavo#14]       LinesRetriever.java:1500 | Global slope: 0.00000
2026-03-14 20:25:43,411 INFO [d86b142c2864_Love_Never_Leaves_EPRINT-Octavo#14]    ClustersRetriever.java:326  | Retrieved raw line clusters: 8 of sizes [5] with interline(17,18,18)
2026-03-14 20:25:43,436 INFO [d86b142c2864_Love_Never_Leaves_EPRINT-Octavo#14]            PeakGraph.java:310  | Systems: #1[1, 2] #2[3, 4, 5, 6, 7, 8]
2026-03-14 20:25:43,442 INFO [d86b142c2864_Love_Never_Leaves_EPRINT-Octavo#14]        BarsRetriever.java:1305 | System#2
2026-03-14 20:25:43,443 INFO [d86b142c2864_Love_Never_Leaves_EPRINT-Octavo#14]        BarsRetriever.java:1308 |    PartGroup{bracket number:1 barline:false staves:3-6}
2026-03-14 20:25:43,558 INFO [d86b142c2864_Love_Never_Leaves_EPRINT-Octavo#14]        SystemManager.java:779  | 5 parts along 2 systems
2026-03-14 20:25:43,558 INFO [d86b142c2864_Love_Never_Leaves_EPRINT-Octavo#14]       StepMonitoring.java:98   | HEADERS
2026-03-14 20:25:43,640 INFO [d86b142c2864_Love_Never_Leaves_EPRINT-Octavo#14]       StepMonitoring.java:98   | STEM_SEEDS
2026-03-14 20:25:43,667 INFO [d86b142c2864_Love_Never_Leaves_EPRINT-Octavo#14]        StemSeedsStep.java:86   | stem(2 max:4)
2026-03-14 20:25:43,671 INFO [d86b142c2864_Love_Never_Leaves_EPRINT-Octavo#14]       StepMonitoring.java:98   | BEAMS
2026-03-14 20:25:46,106 INFO [d86b142c2864_Love_Never_Leaves_EPRINT-Octavo#14]       StepMonitoring.java:98   | LEDGERS
2026-03-14 20:25:46,187 INFO [d86b142c2864_Love_Never_Leaves_EPRINT-Octavo#14]       StepMonitoring.java:98   | HEADS
2026-03-14 20:25:48,326 INFO [d86b142c2864_Love_Never_Leaves_EPRINT-Octavo#14]        HeadSeedTally.java:235  | Scale information: HeadSeeds{NOTEHEAD_BLACK[L:0.5,R:0.4]}
2026-03-14 20:25:48,326 INFO [d86b142c2864_Love_Never_Leaves_EPRINT-Octavo#14]       StepMonitoring.java:98   | STEMS
2026-03-14 20:25:48,516 INFO [d86b142c2864_Love_Never_Leaves_EPRINT-Octavo#14]       StepMonitoring.java:98   | REDUCTION
2026-03-14 20:25:48,534 INFO [d86b142c2864_Love_Never_Leaves_EPRINT-Octavo#14]        ReductionStep.java:105  | Stems free length median value: 61 pixels, 3.4 interlines
2026-03-14 20:25:48,534 INFO [d86b142c2864_Love_Never_Leaves_EPRINT-Octavo#14]       StepMonitoring.java:98   | CUE_BEAMS
2026-03-14 20:25:48,535 INFO [d86b142c2864_Love_Never_Leaves_EPRINT-Octavo#14]         CueBeamsStep.java:81   | Step CUE_BEAMS is skipped because small heads switch is off
2026-03-14 20:25:48,535 INFO [d86b142c2864_Love_Never_Leaves_EPRINT-Octavo#14]       StepMonitoring.java:98   | TEXTS
2026-03-14 20:25:49,395 INFO [d86b142c2864_Love_Never_Leaves_EPRINT-Octavo#14]       StepMonitoring.java:98   | MEASURES
2026-03-14 20:25:49,396 INFO [d86b142c2864_Love_Never_Leaves_EPRINT-Octavo#14]                 Page.java:307  | 5 raw measures: [2 in system#1, 3 in system#2]
2026-03-14 20:25:49,396 INFO [d86b142c2864_Love_Never_Leaves_EPRINT-Octavo#14]       StepMonitoring.java:98   | CHORDS
2026-03-14 20:25:49,398 INFO [d86b142c2864_Love_Never_Leaves_EPRINT-Octavo#14]       StepMonitoring.java:98   | CURVES
2026-03-14 20:25:49,859 INFO [d86b142c2864_Love_Never_Leaves_EPRINT-Octavo#14]         SlursBuilder.java:240  | Slurs: 19
2026-03-14 20:25:49,861 INFO [d86b142c2864_Love_Never_Leaves_EPRINT-Octavo#14]      SegmentsBuilder.java:155  | Segments: 12
2026-03-14 20:25:50,008 INFO [d86b142c2864_Love_Never_Leaves_EPRINT-Octavo#14]    RehearsalsBuilder.java:229  | RehearsalInter#2745{(0.957) staff:3 mFont:BS-51 Rehearsal enclosure:java.awt.Rectangle[x=451,y=1087,width=36,height=65]}
2026-03-14 20:25:50,009 INFO [d86b142c2864_Love_Never_Leaves_EPRINT-Octavo#14]       StepMonitoring.java:98   | SYMBOLS
2026-03-14 20:25:50,233 INFO [d86b142c2864_Love_Never_Leaves_EPRINT-Octavo#14]       StepMonitoring.java:98   | LINKS
2026-03-14 20:25:50,234 INFO [d86b142c2864_Love_Never_Leaves_EPRINT-Octavo#14]        SentenceInter.java:463  | No chord near SentenceInter#2178{(0.680) staff:1 mFont:S-39 Direction} 101
2026-03-14 20:25:50,247 INFO [d86b142c2864_Love_Never_Leaves_EPRINT-Octavo#14]       StepMonitoring.java:98   | RHYTHMS
2026-03-14 20:25:50,247 INFO [d86b142c2864_Love_Never_Leaves_EPRINT-Octavo#14]           PageRhythm.java:199  | {Page#14.1} Time value reused from sheet#10
2026-03-14 20:25:50,252 INFO [d86b142c2864_Love_Never_Leaves_EPRINT-Octavo#14]                Voice.java:257  | Measure{#4P2} Voice{#1 excess:1/8} too long
2026-03-14 20:25:50,253 INFO [d86b142c2864_Love_Never_Leaves_EPRINT-Octavo#14]          StackRhythm.java:224  | S2 MeasureStack#4 no correct rhythm
2026-03-14 20:25:50,254 INFO [d86b142c2864_Love_Never_Leaves_EPRINT-Octavo#14]       StepMonitoring.java:98   | PAGE
2026-03-14 20:25:50,255 INFO [d86b142c2864_Love_Never_Leaves_EPRINT-Octavo#14]                Voice.java:257  | Measure{#4P2} Voice{#1 excess:1/8} too long
2026-03-14 20:25:50,255 INFO [d86b142c2864_Love_Never_Leaves_EPRINT-Octavo#14]                 Book.java:2584 | Book{d86b142c2864_Love_Never_Leaves_EPRINT-Octavo} storing
2026-03-14 20:25:50,297 INFO [d86b142c2864_Love_Never_Leaves_EPRINT-Octavo#14]                 Book.java:2565 | Stored /book.xml
2026-03-14 20:25:50,385 INFO [d86b142c2864_Love_Never_Leaves_EPRINT-Octavo#14]           DataHolder.java:348  | Stored /sheet#14/BINARY.png
2026-03-14 20:25:50,741 INFO [d86b142c2864_Love_Never_Leaves_EPRINT-Octavo#14]                Sheet.java:1583 | Stored /sheet#14/sheet#14.xml
2026-03-14 20:25:50,741 INFO [d86b142c2864_Love_Never_Leaves_EPRINT-Octavo#14]                 Book.java:2525 | Book stored as C:\Users\llama\OneDrive\Documents\orchestra\outputs\ffd56ae2080d\omr_out\d86b142c2864_Love_Never_Leaves_EPRINT-Octavo.omr
2026-03-14 20:25:50,754 INFO [d86b142c2864_Love_Never_Leaves_EPRINT-Octavo#14]            SheetStub.java:1654 | Sheet#14 disposed
2026-03-14 20:25:50,780 INFO [d86b142c2864_Love_Never_Leaves_EPRINT-Octavo#14]                 Book.java:2050 | End of Stub#14
2026-03-14 20:25:50,781 INFO [d86b142c2864_Love_Never_Leaves_EPRINT-Octavo#15]       StepMonitoring.java:98   | LOAD
2026-03-14 20:25:51,456 INFO [d86b142c2864_Love_Never_Leaves_EPRINT-Octavo#15]            SheetStub.java:1278 | Loaded image #15 2550x3299 from C:\Users\llama\OneDrive\Documents\orchestra\uploads\d86b142c2864_Love_Never_Leaves_EPRINT-Octavo.pdf
2026-03-14 20:25:51,457 INFO [d86b142c2864_Love_Never_Leaves_EPRINT-Octavo#15]       StepMonitoring.java:98   | BINARY
2026-03-14 20:25:51,891 INFO [d86b142c2864_Love_Never_Leaves_EPRINT-Octavo#15]       StepMonitoring.java:98   | SCALE
2026-03-14 20:25:51,893 INFO [d86b142c2864_Love_Never_Leaves_EPRINT-Octavo#15]         ScaleBuilder.java:241  | Beam  guessed height:  8 -- 0.50 of 17 interline
2026-03-14 20:25:51,894 INFO [d86b142c2864_Love_Never_Leaves_EPRINT-Octavo#15]         ScaleBuilder.java:264  | Beam measured height: 10 -- 0.42 of [5..17] range at 234% of needed quorum
2026-03-14 20:25:51,894 INFO [d86b142c2864_Love_Never_Leaves_EPRINT-Octavo#15]         ScaleBuilder.java:392  | Normalized black jitter: 11.11 %
2026-03-14 20:25:51,894 INFO [d86b142c2864_Love_Never_Leaves_EPRINT-Octavo#15]            ScaleStep.java:65   | Scale{ interline(17,18,18) line(2,2,4) beam(10)}
2026-03-14 20:25:51,894 INFO [d86b142c2864_Love_Never_Leaves_EPRINT-Octavo#15]       StepMonitoring.java:98   | GRID
2026-03-14 20:25:51,989 INFO [d86b142c2864_Love_Never_Leaves_EPRINT-Octavo#15]       LinesRetriever.java:1500 | Global slope: 0.00000
2026-03-14 20:25:51,999 INFO [d86b142c2864_Love_Never_Leaves_EPRINT-Octavo#15]    ClustersRetriever.java:326  | Retrieved raw line clusters: 12 of sizes [5] with interline(17,18,18)
2026-03-14 20:25:52,039 INFO [d86b142c2864_Love_Never_Leaves_EPRINT-Octavo#15]            PeakGraph.java:310  | Systems: #1[1, 2, 3, 4, 5, 6] #2[7, 8, 9, 10, 11, 12]
2026-03-14 20:25:52,047 INFO [d86b142c2864_Love_Never_Leaves_EPRINT-Octavo#15]        BarsRetriever.java:1305 | System#1
2026-03-14 20:25:52,047 INFO [d86b142c2864_Love_Never_Leaves_EPRINT-Octavo#15]        BarsRetriever.java:1308 |    PartGroup{bracket number:1 barline:false staves:1-4}
2026-03-14 20:25:52,047 INFO [d86b142c2864_Love_Never_Leaves_EPRINT-Octavo#15]        BarsRetriever.java:1305 | System#2
2026-03-14 20:25:52,047 INFO [d86b142c2864_Love_Never_Leaves_EPRINT-Octavo#15]        BarsRetriever.java:1308 |    PartGroup{bracket number:1 barline:false staves:7-10}
2026-03-14 20:25:52,176 INFO [d86b142c2864_Love_Never_Leaves_EPRINT-Octavo#15]        SystemManager.java:779  | 5 parts along 2 systems
2026-03-14 20:25:52,177 INFO [d86b142c2864_Love_Never_Leaves_EPRINT-Octavo#15]       StepMonitoring.java:98   | HEADERS
2026-03-14 20:25:52,291 INFO [d86b142c2864_Love_Never_Leaves_EPRINT-Octavo#15]       StepMonitoring.java:98   | STEM_SEEDS
2026-03-14 20:25:52,320 INFO [d86b142c2864_Love_Never_Leaves_EPRINT-Octavo#15]        StemSeedsStep.java:86   | stem(2 max:4)
2026-03-14 20:25:52,325 INFO [d86b142c2864_Love_Never_Leaves_EPRINT-Octavo#15]       StepMonitoring.java:98   | BEAMS
2026-03-14 20:25:54,804 INFO [d86b142c2864_Love_Never_Leaves_EPRINT-Octavo#15]       StepMonitoring.java:98   | LEDGERS
2026-03-14 20:25:54,933 INFO [d86b142c2864_Love_Never_Leaves_EPRINT-Octavo#15]       StepMonitoring.java:98   | HEADS
2026-03-14 20:25:58,207 INFO [d86b142c2864_Love_Never_Leaves_EPRINT-Octavo#15]        HeadSeedTally.java:235  | Scale information: HeadSeeds{NOTEHEAD_VOID[L:0.4,R:0.4] NOTEHEAD_BLACK[L:0.4,R:0.3]}
2026-03-14 20:25:58,208 INFO [d86b142c2864_Love_Never_Leaves_EPRINT-Octavo#15]       StepMonitoring.java:98   | STEMS
2026-03-14 20:25:58,535 INFO [d86b142c2864_Love_Never_Leaves_EPRINT-Octavo#15]       StepMonitoring.java:98   | REDUCTION
2026-03-14 20:25:58,557 INFO [d86b142c2864_Love_Never_Leaves_EPRINT-Octavo#15]        ReductionStep.java:105  | Stems free length median value: 62 pixels, 3.4 interlines
2026-03-14 20:25:58,558 INFO [d86b142c2864_Love_Never_Leaves_EPRINT-Octavo#15]       StepMonitoring.java:98   | CUE_BEAMS
2026-03-14 20:25:58,558 INFO [d86b142c2864_Love_Never_Leaves_EPRINT-Octavo#15]         CueBeamsStep.java:81   | Step CUE_BEAMS is skipped because small heads switch is off
2026-03-14 20:25:58,559 INFO [d86b142c2864_Love_Never_Leaves_EPRINT-Octavo#15]       StepMonitoring.java:98   | TEXTS
2026-03-14 20:25:59,496 INFO [d86b142c2864_Love_Never_Leaves_EPRINT-Octavo#15]       StepMonitoring.java:98   | MEASURES
2026-03-14 20:25:59,498 INFO [d86b142c2864_Love_Never_Leaves_EPRINT-Octavo#15]                 Page.java:307  | 6 raw measures: [3 in system#1, 3 in system#2]
2026-03-14 20:25:59,498 INFO [d86b142c2864_Love_Never_Leaves_EPRINT-Octavo#15]       StepMonitoring.java:98   | CHORDS
2026-03-14 20:25:59,500 INFO [d86b142c2864_Love_Never_Leaves_EPRINT-Octavo#15]       StepMonitoring.java:98   | CURVES
2026-03-14 20:25:59,996 INFO [d86b142c2864_Love_Never_Leaves_EPRINT-Octavo#15]         SlursBuilder.java:240  | Slurs: 35
2026-03-14 20:26:00,007 INFO [d86b142c2864_Love_Never_Leaves_EPRINT-Octavo#15]      SegmentsBuilder.java:155  | Segments: 55
2026-03-14 20:26:00,132 INFO [d86b142c2864_Love_Never_Leaves_EPRINT-Octavo#15]    RehearsalsBuilder.java:229  | RehearsalInter#4212{(0.907) staff:7 mFont:S-58 Rehearsal enclosure:java.awt.Rectangle[x=1579,y=1444,width=42,height=65]}
2026-03-14 20:26:00,133 INFO [d86b142c2864_Love_Never_Leaves_EPRINT-Octavo#15]       StepMonitoring.java:98   | SYMBOLS
2026-03-14 20:26:00,580 INFO [d86b142c2864_Love_Never_Leaves_EPRINT-Octavo#15]       StepMonitoring.java:98   | LINKS
2026-03-14 20:26:00,590 INFO [d86b142c2864_Love_Never_Leaves_EPRINT-Octavo#15]        SentenceInter.java:463  | No chord near SentenceInter#3576{(0.679) staff:7 mFont:S-39 Direction} 109
2026-03-14 20:26:00,591 INFO [d86b142c2864_Love_Never_Leaves_EPRINT-Octavo#15]        SymbolsLinker.java:258  | No chord linked to OctaveShiftInter#4623{(0.120) staff:10 OTTAVA BASSA} at java.awt.Point[x=579,y=2395]
2026-03-14 20:26:00,602 INFO [d86b142c2864_Love_Never_Leaves_EPRINT-Octavo#15]       StepMonitoring.java:98   | RHYTHMS
2026-03-14 20:26:00,602 INFO [d86b142c2864_Love_Never_Leaves_EPRINT-Octavo#15]           PageRhythm.java:199  | {Page#15.1} Time value reused from sheet#10
2026-03-14 20:26:00,608 INFO [d86b142c2864_Love_Never_Leaves_EPRINT-Octavo#15]                Voice.java:257  | Measure{#4P2} Voice{#1 excess:1/8} too long
2026-03-14 20:26:00,610 INFO [d86b142c2864_Love_Never_Leaves_EPRINT-Octavo#15]          StackRhythm.java:224  | S2 MeasureStack#4 no correct rhythm
2026-03-14 20:26:00,612 INFO [d86b142c2864_Love_Never_Leaves_EPRINT-Octavo#15]        MeasureRhythm.java:1044 | Measure{#6P2} No timeOffset for HeadChordInter#3735{(0.945/0.945) staff:8 slot#4 dur:1/8}
2026-03-14 20:26:00,613 INFO [d86b142c2864_Love_Never_Leaves_EPRINT-Octavo#15]          StackRhythm.java:224  | S2 MeasureStack#6 no correct rhythm
2026-03-14 20:26:00,614 INFO [d86b142c2864_Love_Never_Leaves_EPRINT-Octavo#15]       StepMonitoring.java:98   | PAGE
2026-03-14 20:26:00,614 INFO [d86b142c2864_Love_Never_Leaves_EPRINT-Octavo#15]                Voice.java:257  | Measure{#4P2} Voice{#1 excess:1/8} too long
2026-03-14 20:26:00,615 INFO [d86b142c2864_Love_Never_Leaves_EPRINT-Octavo#15]                 Book.java:2584 | Book{d86b142c2864_Love_Never_Leaves_EPRINT-Octavo} storing
2026-03-14 20:26:00,683 INFO [d86b142c2864_Love_Never_Leaves_EPRINT-Octavo#15]                 Book.java:2565 | Stored /book.xml
2026-03-14 20:26:00,772 INFO [d86b142c2864_Love_Never_Leaves_EPRINT-Octavo#15]           DataHolder.java:348  | Stored /sheet#15/BINARY.png
2026-03-14 20:26:01,391 INFO [d86b142c2864_Love_Never_Leaves_EPRINT-Octavo#15]                Sheet.java:1583 | Stored /sheet#15/sheet#15.xml
2026-03-14 20:26:01,392 INFO [d86b142c2864_Love_Never_Leaves_EPRINT-Octavo#15]                 Book.java:2525 | Book stored as C:\Users\llama\OneDrive\Documents\orchestra\outputs\ffd56ae2080d\omr_out\d86b142c2864_Love_Never_Leaves_EPRINT-Octavo.omr
2026-03-14 20:26:01,406 INFO [d86b142c2864_Love_Never_Leaves_EPRINT-Octavo#15]            SheetStub.java:1654 | Sheet#15 disposed
2026-03-14 20:26:01,435 INFO [d86b142c2864_Love_Never_Leaves_EPRINT-Octavo#15]                 Book.java:2050 | End of Stub#15
2026-03-14 20:26:01,435 INFO [d86b142c2864_Love_Never_Leaves_EPRINT-Octavo#16]       StepMonitoring.java:98   | LOAD
2026-03-14 20:26:02,130 INFO [d86b142c2864_Love_Never_Leaves_EPRINT-Octavo#16]            SheetStub.java:1278 | Loaded image #16 2550x3299 from C:\Users\llama\OneDrive\Documents\orchestra\uploads\d86b142c2864_Love_Never_Leaves_EPRINT-Octavo.pdf
2026-03-14 20:26:02,131 INFO [d86b142c2864_Love_Never_Leaves_EPRINT-Octavo#16]       StepMonitoring.java:98   | BINARY
2026-03-14 20:26:02,561 INFO [d86b142c2864_Love_Never_Leaves_EPRINT-Octavo#16]       StepMonitoring.java:98   | SCALE
2026-03-14 20:26:02,562 INFO [d86b142c2864_Love_Never_Leaves_EPRINT-Octavo#16]         ScaleBuilder.java:241  | Beam  guessed height:  8 -- 0.50 of 16 interline
2026-03-14 20:26:02,563 INFO [d86b142c2864_Love_Never_Leaves_EPRINT-Octavo#16]         ScaleBuilder.java:264  | Beam measured height: 10 -- 0.45 of [5..16] range at 196% of needed quorum
2026-03-14 20:26:02,563 INFO [d86b142c2864_Love_Never_Leaves_EPRINT-Octavo#16]         ScaleBuilder.java:392  | Normalized black jitter: 11.76 %
2026-03-14 20:26:02,563 INFO [d86b142c2864_Love_Never_Leaves_EPRINT-Octavo#16]            ScaleStep.java:65   | Scale{ interline(17,17,18) line(2,2,4) beam(10)}
2026-03-14 20:26:02,563 INFO [d86b142c2864_Love_Never_Leaves_EPRINT-Octavo#16]       StepMonitoring.java:98   | GRID
2026-03-14 20:26:02,678 INFO [d86b142c2864_Love_Never_Leaves_EPRINT-Octavo#16]       LinesRetriever.java:1500 | Global slope: 0.00000
2026-03-14 20:26:02,691 INFO [d86b142c2864_Love_Never_Leaves_EPRINT-Octavo#16]    ClustersRetriever.java:326  | Retrieved raw line clusters: 12 of sizes [5] with interline(17,17,18)
2026-03-14 20:26:02,741 INFO [d86b142c2864_Love_Never_Leaves_EPRINT-Octavo#16]            PeakGraph.java:310  | Systems: #1[1, 2, 3, 4, 5, 6] #2[7, 8, 9, 10, 11, 12]
2026-03-14 20:26:02,751 INFO [d86b142c2864_Love_Never_Leaves_EPRINT-Octavo#16]        BarsRetriever.java:1305 | System#1
2026-03-14 20:26:02,751 INFO [d86b142c2864_Love_Never_Leaves_EPRINT-Octavo#16]        BarsRetriever.java:1308 |    PartGroup{bracket number:1 barline:false staves:1-4}
2026-03-14 20:26:02,751 INFO [d86b142c2864_Love_Never_Leaves_EPRINT-Octavo#16]        BarsRetriever.java:1305 | System#2
2026-03-14 20:26:02,751 INFO [d86b142c2864_Love_Never_Leaves_EPRINT-Octavo#16]        BarsRetriever.java:1308 |    PartGroup{bracket number:1 barline:false staves:7-10}
2026-03-14 20:26:02,905 INFO [d86b142c2864_Love_Never_Leaves_EPRINT-Octavo#16]        SystemManager.java:779  | 5 parts along 2 systems
2026-03-14 20:26:02,905 INFO [d86b142c2864_Love_Never_Leaves_EPRINT-Octavo#16]       StepMonitoring.java:98   | HEADERS
2026-03-14 20:26:03,052 INFO [d86b142c2864_Love_Never_Leaves_EPRINT-Octavo#16]       StepMonitoring.java:98   | STEM_SEEDS
2026-03-14 20:26:03,076 INFO [d86b142c2864_Love_Never_Leaves_EPRINT-Octavo#16]        StemSeedsStep.java:86   | stem(2 max:4)
2026-03-14 20:26:03,080 INFO [d86b142c2864_Love_Never_Leaves_EPRINT-Octavo#16]       StepMonitoring.java:98   | BEAMS
2026-03-14 20:26:05,541 INFO [d86b142c2864_Love_Never_Leaves_EPRINT-Octavo#16]       StepMonitoring.java:98   | LEDGERS
2026-03-14 20:26:05,655 INFO [d86b142c2864_Love_Never_Leaves_EPRINT-Octavo#16]       StepMonitoring.java:98   | HEADS
2026-03-14 20:26:08,961 INFO [d86b142c2864_Love_Never_Leaves_EPRINT-Octavo#16]        HeadSeedTally.java:235  | Scale information: HeadSeeds{NOTEHEAD_BLACK[L:0.0,R:-0.6]}
2026-03-14 20:26:08,962 INFO [d86b142c2864_Love_Never_Leaves_EPRINT-Octavo#16]       StepMonitoring.java:98   | STEMS
2026-03-14 20:26:09,273 INFO [d86b142c2864_Love_Never_Leaves_EPRINT-Octavo#16]       StepMonitoring.java:98   | REDUCTION
2026-03-14 20:26:09,306 INFO [d86b142c2864_Love_Never_Leaves_EPRINT-Octavo#16]        ReductionStep.java:105  | Stems free length median value: 62 pixels, 3.6 interlines
2026-03-14 20:26:09,306 INFO [d86b142c2864_Love_Never_Leaves_EPRINT-Octavo#16]       StepMonitoring.java:98   | CUE_BEAMS
2026-03-14 20:26:09,307 INFO [d86b142c2864_Love_Never_Leaves_EPRINT-Octavo#16]         CueBeamsStep.java:81   | Step CUE_BEAMS is skipped because small heads switch is off
2026-03-14 20:26:09,307 INFO [d86b142c2864_Love_Never_Leaves_EPRINT-Octavo#16]       StepMonitoring.java:98   | TEXTS
2026-03-14 20:26:10,367 INFO [d86b142c2864_Love_Never_Leaves_EPRINT-Octavo#16]       StepMonitoring.java:98   | MEASURES
2026-03-14 20:26:10,369 INFO [d86b142c2864_Love_Never_Leaves_EPRINT-Octavo#16]                 Page.java:307  | 6 raw measures: [3 in system#1, 3 in system#2]
2026-03-14 20:26:10,369 INFO [d86b142c2864_Love_Never_Leaves_EPRINT-Octavo#16]       StepMonitoring.java:98   | CHORDS
2026-03-14 20:26:10,372 INFO [d86b142c2864_Love_Never_Leaves_EPRINT-Octavo#16]       StepMonitoring.java:98   | CURVES
2026-03-14 20:26:10,885 INFO [d86b142c2864_Love_Never_Leaves_EPRINT-Octavo#16]         SlursBuilder.java:240  | Slurs: 40
2026-03-14 20:26:10,899 INFO [d86b142c2864_Love_Never_Leaves_EPRINT-Octavo#16]      SegmentsBuilder.java:155  | Segments: 57
2026-03-14 20:26:10,908 INFO [d86b142c2864_Love_Never_Leaves_EPRINT-Octavo#16]       StepMonitoring.java:98   | SYMBOLS
2026-03-14 20:26:11,286 INFO [d86b142c2864_Love_Never_Leaves_EPRINT-Octavo#16]       StepMonitoring.java:98   | LINKS
2026-03-14 20:26:11,299 INFO [d86b142c2864_Love_Never_Leaves_EPRINT-Octavo#16]        SentenceInter.java:463  | No chord near SentenceInter#3953{(0.626) staff:7 mFont:BS-35 Direction} 115
2026-03-14 20:26:11,312 INFO [d86b142c2864_Love_Never_Leaves_EPRINT-Octavo#16]       StepMonitoring.java:98   | RHYTHMS
2026-03-14 20:26:11,312 INFO [d86b142c2864_Love_Never_Leaves_EPRINT-Octavo#16]           PageRhythm.java:199  | {Page#16.1} Time value reused from sheet#10
2026-03-14 20:26:11,319 INFO [d86b142c2864_Love_Never_Leaves_EPRINT-Octavo#16]       StepMonitoring.java:98   | PAGE
2026-03-14 20:26:11,320 INFO [d86b142c2864_Love_Never_Leaves_EPRINT-Octavo#16]       SheetReduction.java:154  | Gutter. Different glyphs 1/2 DynamicsInter#5086{(0.520/0.520) DYNAMICS_F} vs WordInter#3954{(0.626/0.626) staff:7 TEXT "115" font:BS-35}
2026-03-14 20:26:11,321 INFO [d86b142c2864_Love_Never_Leaves_EPRINT-Octavo#16]                 Book.java:2584 | Book{d86b142c2864_Love_Never_Leaves_EPRINT-Octavo} storing
2026-03-14 20:26:11,387 INFO [d86b142c2864_Love_Never_Leaves_EPRINT-Octavo#16]                 Book.java:2565 | Stored /book.xml
2026-03-14 20:26:11,479 INFO [d86b142c2864_Love_Never_Leaves_EPRINT-Octavo#16]           DataHolder.java:348  | Stored /sheet#16/BINARY.png
2026-03-14 20:26:12,163 INFO [d86b142c2864_Love_Never_Leaves_EPRINT-Octavo#16]                Sheet.java:1583 | Stored /sheet#16/sheet#16.xml
2026-03-14 20:26:12,163 INFO [d86b142c2864_Love_Never_Leaves_EPRINT-Octavo#16]                 Book.java:2525 | Book stored as C:\Users\llama\OneDrive\Documents\orchestra\outputs\ffd56ae2080d\omr_out\d86b142c2864_Love_Never_Leaves_EPRINT-Octavo.omr
2026-03-14 20:26:12,174 INFO [d86b142c2864_Love_Never_Leaves_EPRINT-Octavo#16]            SheetStub.java:1654 | Sheet#16 disposed
2026-03-14 20:26:12,201 INFO [d86b142c2864_Love_Never_Leaves_EPRINT-Octavo#16]                 Book.java:2050 | End of Stub#16
2026-03-14 20:26:12,201 INFO [d86b142c2864_Love_Never_Leaves_EPRINT-Octavo]                 Book.java:2057 | End of Book{d86b142c2864_Love_Never_Leaves_EPRINT-Octavo}
2026-03-14 20:26:12,201 INFO [d86b142c2864_Love_Never_Leaves_EPRINT-Octavo]                 Book.java:596  | Could not export since transcription did not complete successfully
2026-03-14 20:26:12,201 WARN [d86b142c2864_Love_Never_Leaves_EPRINT-Octavo]                  CLI.java:956  | Exception occurred java.lang.Exception: Error in export
java.lang.Exception: Error in export
	at org.audiveris.omr.CLI$ProcessingTask.processBook(CLI.java:930)
	at org.audiveris.omr.CLI$CliTask.call(CLI.java:513)
	at org.audiveris.omr.Main.runBatchTasks(Main.java:361)
	at org.audiveris.omr.Main.main(Main.java:263)
	at Audiveris.main(Audiveris.java:50)
2026-03-14 20:26:12,236 INFO [d86b142c2864_Love_Never_Leaves_EPRINT-Octavo]                Score.java:181  | Closing {Score 1}
